id,domain,status,purchase_price,renewal_price,attractiveness,demand,length,registrar,created_at,expires_at,status_verified_at
d9dc1e7c-eaf9-4455-896f-2c2d3c58a5ad,winds.live,available,25.2,25.2,medium,low,5,cloudflare,,,27/09/2026 22:44
2523b69c-f372-45a2-81ab-73ec969f86fe,deutscher.live,available,3,,high,low,9,unstoppable,,,29/09/2026 08:39
65eaadbd-a8d8-4e0b-bc84-3e6877b01516,bomber.live,available,2.27,26.08,medium,low,6,spaceship,,,28/09/2026 09:10
2ca230b0-fcf7-4ddc-bb53-5109635f2fd0,translated.live,resell,,,medium,low,10,,,,29/09/2026 04:42
f87bf114-60c9-44a0-8ff7-66dad11667cd,bahasa.live,available,3.49,32.99,medium,low,6,namesilo,,,21/09/2026 18:41
361656a8-94cc-4437-b5c6-cb64ee8dc2d3,screens.live,resell,,,medium,low,7,Dynadot Inc,09/02/2017 00:12,09/02/2027 00:12,28/09/2026 07:05
86362081-02b6-476a-853a-a4cc0fd6a999,arteria.live,available,3.49,32.99,high,low,7,namesilo,,,20/09/2026 10:30
6c7878f4-4058-490a-a152-72d277343d95,sad.live,premium,242,242,high,low,3,namesilo,,,24/09/2026 05:55
4f2a98ea-f69d-4c80-bfdb-34f11d4a5bfd,beryl.live,available,3.49,32.99,medium,low,5,namesilo,,,23/09/2026 10:23
d6c44e23-6b38-496f-9b6d-f43bdd4dc35b,edu.live,premium,,,medium,medium,3,,,,28/09/2026 23:17
eb6c6421-8887-4a58-a948-33f2155b07c6,mongol.live,available,2.98,39.48,high,low,6,namecheap,,,25/08/2026 04:45
26ecbf3f-d31a-4549-a3fd-85f2a07a9161,filming.live,premium,768,768,high,low,7,namesilo,,,29/09/2026 09:15
7fbb9fac-8a87-416d-80ea-29e7382ec4e1,cosmogenic.live,available,2.98,39.48,medium,low,10,namecheap,,,13/08/2026 03:00
3741950a-00c0-4e59-aa4e-503cad0f1973,mandelbrot.live,available,3.49,32.99,medium,low,10,namesilo,,,23/09/2026 08:35
48face62-4eec-491c-848f-33bcde13e532,majors.live,available,3.49,32.99,high,low,6,namesilo,,,23/09/2026 14:46
ec0571a9-c884-4ca3-b0c6-2ba6d26e8af5,narration.live,available,2.98,39.48,high,low,9,namecheap,,,03/09/2026 13:18
b2427c3e-5a52-4a79-b727-65a81db06da9,morgue.live,available,2.98,39.48,medium,low,6,namecheap,,,25/08/2026 06:42
6efaf2c5-2412-41ac-bfc8-e181d2a5690f,dahl.live,available,2.5,26.97,medium,low,4,dynadot,,,28/09/2026 09:14
9dd02e03-31d3-4a7c-9e0c-7f85e643a83b,distraction.live,available,3.49,32.99,medium,low,11,namesilo,,,28/09/2026 16:54
e3db9f13-237d-4f69-b234-e214622fcc27,questionable.live,available,2.27,26.08,medium,low,12,spaceship,,,29/09/2026 02:59
eebe6abc-d26e-41a9-8ebc-bb1ac9010716,abounding.live,available,2.98,39.48,high,low,9,namecheap,,,
d735af4a-bf65-475f-8160-6e4f7897c7a8,width.live,available,2.5,26.97,high,low,5,dynadot,,,30/09/2026 03:06
d8059ba9-19b8-4556-8ad6-9e1d32601649,tentative.live,available,3.49,32.99,high,low,9,namesilo,,,27/09/2026 07:00
151f829b-2e56-4850-a400-b9dccd54ca5c,saul.live,premium,39,78,high,low,4,namecheap,,,19/09/2026 19:29
e57707f6-0ff6-4d43-b71b-531ca4867c35,alcoholism.live,available,2.98,39.48,medium,low,10,namecheap,,,18/09/2026 04:06
ad18d94f-b7a8-400a-9e59-745536ad79ce,employers.live,available,2.27,26.08,medium,low,9,spaceship,,,30/09/2026 06:06
0c9c99d8-0449-4290-b9be-ca3095dd9101,dunes.live,resell,,,low,low,5,,,,30/09/2026 15:48
5912f2d3-ee24-4ec3-ac5b-5cebae0d7f55,bathyal.live,available,2.98,39.48,low,low,7,namecheap,,,09/08/2026 01:34
68a86c0b-bb0b-432e-b26d-ef11dad69d24,whittier.live,premium,60.5,,medium,low,8,unstoppable,,,28/09/2026 10:10
86c1c51c-9aa9-4765-a598-4cf2e8c39068,cultivated.live,available,2.98,39.48,high,low,10,namecheap,,,13/08/2026 10:14
cbf6b787-f91d-42b4-8ed3-99d2041b614b,cigarettes.live,available,2.98,39.48,medium,low,10,namecheap,,,25/09/2026 21:29
d8fbbd51-3ff3-4534-a87d-847a6fe0da3b,accelerated.live,resell,,,high,low,11,,,,29/09/2026 14:30
569faaba-0b90-45f3-90e1-365b06ddb919,newsstand.live,available,3.49,32.99,medium,low,10,namesilo,,,17/09/2026 05:46
25a2e437-fe82-439e-9c14-31aeb7587ddd,intermediate.live,available,2.27,26.08,high,low,12,spaceship,,,30/09/2026 11:48
24c08158-ddec-4cac-a913-cc7bba13723a,performer.live,resell,,,high,low,9,,,,28/09/2026 15:03
3e0b81f9-5059-4a0f-be51-7586718f8301,objection.live,available,3.49,32.99,high,low,9,namesilo,,,25/09/2026 22:40
11522a49-39b6-4700-ab35-6410037d3a61,achieved.live,available,3.49,32.99,high,low,8,namesilo,,,28/09/2026 12:45
c2c79f23-57a6-45b5-9331-77bcc3ae0dbc,popped.live,available,3.49,32.99,medium,low,6,namesilo,,,29/09/2026 11:00
34635bd7-a3dd-4679-a959-8cb4de8ad8c3,validly.live,available,3.49,32.99,medium,low,7,namesilo,,,16/09/2026 10:42
bddc6f87-6f33-4d21-a60a-548c8cda8438,undressed.live,available,2.98,39.48,medium,low,9,namecheap,,,12/09/2026 00:51
0bb479c2-f01d-453a-8855-651da77ec074,riviera.live,premium,,,high,low,7,,,,30/09/2026 18:32
9260b6aa-abaf-4b1b-a155-c2a5791556ad,atriplex.live,available,3.49,32.99,medium,low,8,namesilo,,,21/09/2026 00:45
7efe445e-7f34-4082-9d3f-a0cf1af67174,entitlements.live,available,3.49,32.99,medium,low,12,namesilo,,,01/10/2026 00:42
12a3baac-b6a6-4c88-8e04-565485daa8fb,mackenzie.live,premium,71.4,71.4,high,low,9,namesilo,,,25/09/2026 21:54
dc7ac4bc-ddc8-494c-9937-1090c45d193d,lxxxviii.live,available,2.98,39.48,medium,low,8,namecheap,,,
0a3b36e3-102d-451e-bab0-9e457d9dd9c6,savvy.live,resell,,,high,low,5,"Xiamen ChinaSource Internet Service Co., Ltd",13/02/2024 17:00,13/02/2027 17:00,26/09/2026 08:50
ffd6facd-77ef-4f4c-88a1-82216300054e,aggregates.live,available,2.27,26.08,low,low,10,spaceship,,,28/09/2026 08:51
ed15201c-d0af-43f8-9513-556e59c0befe,backwards.live,available,3.49,32.99,high,low,9,namesilo,,,22/09/2026 15:55
603f2c4c-933a-44c7-92fd-68e584f33ac9,sentences.live,available,2.98,39.48,medium,low,9,namecheap,,,16/09/2026 20:11
d2a409c1-2af7-4edf-ad1d-c412a3f6cf14,pigboat.live,available,2.98,39.48,medium,low,7,namecheap,,,11/09/2026 00:21
49065a4d-130a-456e-bc93-258ff2ce8ab9,persons.live,available,2.27,26.08,medium,low,7,spaceship,,,27/09/2026 21:14
80b0f49e-edcd-4c8c-8ea1-e006c3980a65,stove.live,available,2.98,39.48,high,low,5,namecheap,,,19/09/2026 18:48
394d1871-8fa3-40d2-bb1f-a1879b6ec82c,serenity.live,premium,1625,3250,high,low,8,namecheap,,,20/09/2026 19:39
ceb0af27-b983-4525-af17-8f927aa60a15,hearings.live,available,3.49,32.99,medium,low,8,namesilo,,,29/09/2026 23:58
89d578c4-cd19-4e9d-bebf-1ab4ed4e61ab,numerable.live,available,2.98,39.48,medium,low,9,namecheap,,,13/08/2026 03:32
545166da-24ee-45bb-8e6b-a4557edd0678,wales.live,premium,,,high,low,5,,,,29/09/2026 06:12
4e4b3cf6-6765-400e-8845-d59654b05dd2,hubei.live,premium,,,medium,low,5,,,,30/09/2026 13:23
614a6b12-50ff-41f7-a557-a9eba2a2e2a0,liberties.live,available,3.49,32.99,medium,low,9,namesilo,,,18/09/2026 04:52
bbc41b70-95cc-44f4-81d8-859519839237,pervious.live,available,2.98,39.48,medium,low,8,namecheap,,,08/09/2026 18:09
5c87f20b-8156-4eb9-a7d5-1cb9de9dece6,resulted.live,available,3.49,32.99,medium,low,8,namesilo,,,19/09/2026 00:26
8ae25fee-cd6b-40c0-98c2-5ceb9536445e,genevieve.live,premium,118.8,118.8,medium,low,9,namesilo,,,28/09/2026 16:45
9cca2219-e42c-4568-8196-4601c2aa8942,polyploid.live,available,2.98,39.48,medium,low,9,namecheap,,,08/09/2026 23:29
25bd4808-a5b2-40bf-8a11-896cca05fc61,sotho.live,available,2.98,39.48,medium,low,5,namecheap,,,10/09/2026 14:39
7098ff5c-2b27-42d2-9c51-4f6825f6b0c5,postpartum.live,available,2.98,39.48,medium,low,10,namecheap,,,09/09/2026 00:37
b2d1d005-8cb6-45cc-b494-ad4bd76c5ab3,neck.live,available,2.98,39.48,high,low,4,namecheap,,,29/09/2026 07:49
a53840bb-95d7-4110-bbe8-e7f12aeb7eeb,fathomable.live,available,2.98,39.48,medium,low,10,namecheap,,,17/08/2026 23:40
28809b4d-c657-4743-81fd-3fd8af88b29d,outburst.live,available,3.99,49.99,high,low,8,godaddy,,,30/09/2026 01:27
e5dfc9cf-6b96-4956-8ff4-be2c77cc9a7a,hot.live,resell,,,high,medium,3,"Name.com, Inc.",17/06/2016 13:13,17/06/2027 13:13,26/09/2026 06:44
89597c0f-9069-403d-ac07-5bac66168409,revenue.live,resell,,,high,low,7,"Chengdu West Dimension Digital Technology Co., Ltd.",05/09/2019 15:58,05/09/2027 15:58,30/09/2026 09:15
f39bb640-acdd-47bf-aa09-479d68d7b015,delaware.live,premium,,,high,low,8,,,,29/09/2026 06:32
527785a6-d858-486b-81e7-2b43b2dffe88,termination.live,available,2.98,39.48,high,low,11,namecheap,,,04/09/2026 07:49
8d7de926-c391-44b4-a8cb-645af966a51a,impairment.live,available,3.99,43.99,medium,low,10,name.com,,,13/08/2026 19:25
cda8c4a6-157c-444c-a73b-34fa7885330f,factitious.live,available,2.98,39.48,medium,low,10,namecheap,,,17/08/2026 20:27
d321f744-7e55-4130-9027-d27ba8df640b,mincing.live,available,3.99,43.99,medium,low,7,name.com,,,13/08/2026 15:43
c46d0ad5-cb35-47ea-ab96-a83f936df3e6,aconcagua.live,available,2.98,39.48,medium,low,9,namecheap,,,17/09/2026 02:04
cd4b8eb0-933a-4d43-8748-80fedd6715df,betimes.live,available,2.98,39.48,medium,low,7,namecheap,,,13/09/2026 23:59
cf8bb30e-ad03-402b-86d5-a3c0e8bf2d83,climatic.live,available,2.98,39.48,high,low,8,namecheap,,,12/08/2026 10:57
a0574581-fc27-4926-a19a-a47694d4d43a,bewitch.live,available,2.98,39.48,medium,low,7,namecheap,,,21/08/2026 07:41
b8147e37-626c-4d4b-ba94-ca0071579538,alnus.live,available,3.99,43.99,medium,low,5,name.com,,,18/09/2026 12:53
8162b372-596d-4358-9f7e-5c3c66dba944,solutions.live,resell,,,high,low,9,Squarespace Domains II LLC,07/10/2024 15:15,07/10/2027 15:15,01/10/2026 03:13
6ac2e827-2d73-4ba6-a1a4-ad15d34c41d0,championship.live,premium,118.8,118.8,high,low,12,namesilo,,,27/09/2026 02:00
2aff6df5-1b98-4a03-b3bd-e461afad7b15,disagreement.live,available,3.49,32.99,medium,low,12,namesilo,,,29/09/2026 10:22
db9ace9f-23a3-4622-8475-f8a8c5a2f0f9,potter.live,premium,118.8,118.8,high,low,6,namesilo,,,27/09/2026 12:23
55846efe-617e-4b95-8c30-f53fdea5f77b,myoid.live,available,2.98,39.48,low,low,5,namecheap,,,03/09/2026 12:10
45a484e2-2068-4498-a8a8-7c062c063b59,expecting.live,available,3.49,32.99,high,low,9,namesilo,,,
7b97b550-5722-4454-a9d8-c3e991e021fb,curving.live,available,2.98,39.48,high,low,7,namecheap,,,13/08/2026 11:49
91539e76-9c90-463a-83a6-90e4ead2a53d,armorer.live,available,3.49,32.99,medium,low,7,namesilo,,,20/09/2026 07:29
117cab0c-1f07-4f8f-b028-023e9eab6e34,dorothea.live,premium,71.4,71.4,medium,low,8,namesilo,,,28/09/2026 07:54
6100b0b6-7afa-4f7c-a01b-b36dce462d64,agnate.live,available,2.98,39.48,medium,low,6,namecheap,,,
7fd057a1-9656-4d04-a1f2-730b7bf59628,nakedly.live,available,2.98,39.48,medium,low,7,namecheap,,,15/09/2026 16:02
a1c88202-515b-4c64-aa29-b4e4866fa072,unnumbered.live,available,2.98,39.48,medium,low,10,namecheap,,,13/08/2026 03:46
30e38c16-2b9a-4425-8399-6468791f31c6,wireless.live,premium,242,242,high,low,8,namesilo,,,27/09/2026 09:37
8f7a8f48-8ef3-466d-98d9-d4f246a126d4,shaffer.live,premium,,,high,low,7,,,,29/09/2026 09:57
0c05d986-44d2-4ab7-b876-27249878c2c3,christi.live,premium,39,78,medium,low,7,namecheap,,,25/09/2026 21:26
0e0754a4-1647-4379-9707-e38060aa3e99,attachable.live,available,2.98,39.48,medium,low,10,namecheap,,,07/08/2026 15:36
c48275c9-5420-4eb8-8151-d79bab260a58,executed.live,available,2.98,39.48,high,low,8,namecheap,,,17/08/2026 16:55
10c8f223-e158-4b8e-9937-263c55333d7f,preserving.live,available,3.49,32.99,medium,low,10,namesilo,,,30/09/2026 12:12
280c2acf-3f33-4951-a1af-5653ed4aa369,bankers.live,premium,118.8,118.8,medium,low,7,namesilo,,,20/09/2026 11:37
f89547a3-b1e5-43c9-bca1-2b2ca2aa4cc3,stearns.live,available,2.5,26.97,medium,low,7,dynadot,,,28/09/2026 12:25
aaa3e723-c4e4-4828-b472-78804d02b269,primarily.live,available,3.49,32.99,medium,low,9,namesilo,,,28/09/2026 13:51
4f7bada0-8c7f-4c06-a2b3-adcdd3e89f07,circumstance.live,available,3.49,32.99,high,low,12,namesilo,,,29/09/2026 08:31
784fb4f5-d3a1-4c49-adef-0168d24b905b,assortment.live,available,2.98,39.48,high,low,10,namecheap,,,25/08/2026 07:59
cb52c95f-88c7-4ee8-ae75-f21856d8b079,yowl.live,available,3.49,32.99,medium,low,4,namesilo,,,23/09/2026 06:24
66eacbc2-71bf-4d8e-bd85-056b84e3342b,xxiii.live,available,2.98,39.48,medium,low,5,namecheap,,,
a146501e-ea80-4626-ad5b-0f3fbf014bf0,climax.live,resell,,,high,low,6,"DNSPod, Inc.",11/07/2021 10:39,11/07/2027 10:39,26/09/2026 04:59
8dd840ba-bc10-438e-b3cb-35e6f14178a3,frowning.live,available,2.98,39.48,medium,low,8,namecheap,,,18/08/2026 16:40
332d4e47-1370-46b9-8237-774ddcb1f9ec,frilly.live,available,2.98,39.48,medium,low,6,namecheap,,,18/08/2026 15:51
8bc14d70-f10c-4136-9099-cd0f7a024c3a,cursory.live,available,2.98,39.48,medium,low,7,namecheap,,,13/08/2026 11:41
b46f8133-cf49-45a7-8e0b-4389ea75c0a7,scruffy.live,available,2.98,39.48,medium,low,7,namecheap,,,10/09/2026 00:25
76ecffef-f372-40e4-abab-c9cc3c4053a5,trollope.live,available,3.49,32.99,medium,low,8,namesilo,,,19/09/2026 13:43
494b45d6-ee29-4846-8f6a-596508f20547,mormon.live,premium,390,780,high,low,6,namecheap,,,25/08/2026 06:33
74c8beef-39e4-4c38-8a7a-2f9e6a2a2901,joan.live,premium,39,78,high,low,4,namecheap,,,25/09/2026 11:39
bef0dd6c-faec-40d8-bbb7-8de4c0c14ca6,casualties.live,available,2.27,26.08,medium,low,10,spaceship,,,27/09/2026 21:53
53013e13-ec8d-43ff-808d-ac15504bb7b8,willson.live,available,3.49,32.99,medium,low,7,namesilo,,,30/09/2026 05:22
8e36ae28-f51c-4d20-a98e-236aa94edc11,hendrix.live,premium,51.43,102.67,high,low,7,spaceship,,,28/09/2026 05:59
3f3fe66a-21df-4a58-bb24-642777c102c9,advancing.live,available,2.98,39.48,high,low,9,namecheap,,,21/09/2026 20:51
c6f03e42-a2c8-49a3-9075-3eee50fc5610,overfull.live,available,2.98,39.48,medium,low,8,namecheap,,,20/08/2026 15:31
d2a887f7-965f-4f49-b23d-c931f6addcfa,cerebral.live,resell,,,high,low,8,"Sav.com, LLC",23/12/2025 19:38,23/12/2026 19:38,26/09/2026 04:50
02c12364-50a8-4105-a670-ed612f04836e,uneventful.live,available,2.98,39.48,medium,low,10,namecheap,,,12/09/2026 09:21
b45cebc6-c8ba-4458-8c1f-42a69fdd731d,bosnian.live,available,2.98,39.48,high,low,7,namecheap,,,10/08/2026 20:21
a3bfff67-79d5-4d61-9c1c-f6a291509bca,manually.live,available,2.98,39.48,medium,low,8,namecheap,,,15/09/2026 13:27
35e67b67-0b30-4b34-ae97-d5b66c4ccc35,fairfax.live,premium,71.4,71.4,high,low,7,namesilo,,,25/09/2026 15:13
a372549f-1d4a-408f-9632-5fe3b2453ead,factor.live,resell,,,high,low,6,"GoDaddy.com, LLC",17/02/2025 15:15,17/02/2027 15:15,29/09/2026 04:30
f82ac38f-04ea-4198-a216-a7ce32de6d9a,indigotin.live,available,2.98,39.48,medium,low,9,namecheap,,,22/08/2026 03:05
706e399f-802e-482c-9ab3-ab7c271cfc8e,barking.live,premium,31.25,62.3,medium,low,7,spaceship,,,28/09/2026 11:18
ddaf5508-1314-44eb-a374-09f9f557fb76,loyalist.live,available,2.98,39.48,medium,low,8,namecheap,,,10/09/2026 18:31
19b5c70e-267e-442f-a909-035e3102bd1a,hezbollah.live,available,2.98,39.48,medium,low,9,namecheap,,,29/09/2026 07:16
03d58a22-4074-40a0-a7d8-6fe19c0f20e6,swung.live,available,3.49,32.99,medium,low,5,namesilo,,,30/09/2026 14:20
ac7638fb-dafd-4de9-ad6e-8c31bc80262b,atopy.live,available,3.49,32.99,medium,low,5,namesilo,,,21/09/2026 00:33
b9fc8e5f-6f09-4f0a-a799-fc33a54da014,cognitive.live,resell,,,high,low,9,"Sav.com, LLC - 9",25/01/2026 15:15,25/01/2027 15:15,26/09/2026 05:06
787c1f45-dc78-4a9d-8c50-30cc586fcf66,avuncular.live,available,2.98,39.48,medium,low,9,namecheap,,,07/08/2026 23:51
44330f2d-da18-4a58-bea0-4246667a6d19,uptight.live,available,2.98,39.48,medium,low,7,namecheap,,,15/08/2026 09:30
6a202fd1-1fc0-4381-94a1-ec490ddfee0a,clinical.live,resell,,,high,low,8,"Sav.com, LLC - 10",23/08/2025 15:15,23/08/2027 15:15,28/09/2026 12:54
0777a7dc-4bbd-4296-9bc1-b74d50a08bcd,strongly.live,available,2.98,39.48,medium,low,8,namecheap,,,28/09/2026 16:33
b6960798-c9f1-4033-baf6-78dbaa5b2c59,interrupt.live,available,3.99,43.99,high,low,9,name.com,,,13/08/2026 12:38
8d02fc66-c785-4f79-9f37-ba24405c5344,flightless.live,available,2.98,39.48,medium,low,10,namecheap,,,18/08/2026 08:09
6e7a4f97-9d4b-4ff4-9c00-1e89a23a3db6,smutty.live,available,2.98,39.48,medium,low,6,namecheap,,,13/08/2026 08:53
490a32b8-e35e-4ce8-bd42-80a95a022b43,millimeter.live,available,2.27,26.08,high,low,10,spaceship,,,30/09/2026 18:02
738ea3a3-d3b9-43af-9bf2-cec24bdb6d80,acetin.live,available,3.49,32.99,medium,low,6,namesilo,,,17/09/2026 00:06
0776f7ea-c252-4180-be33-3265e7824049,miniscule.live,available,2.98,39.48,medium,low,9,namecheap,,,24/08/2026 23:55
b2c6a496-931f-4cb1-a273-593645aaa388,component.live,resell,,,high,low,9,"Sav.com, LLC - 45",25/04/2026 15:16,25/04/2027 15:16,26/09/2026 05:09
ca699683-df39-4c64-86a9-ee8de8351232,founding.live,available,2.27,26.08,high,low,8,spaceship,,,29/09/2026 18:56
41bfe5de-0139-4578-a0ce-9fa92df3715b,acerbic.live,available,2.98,39.48,medium,low,7,namecheap,,,
ef6c7959-2a4d-436f-a8b9-4c0653334b4d,tighten.live,available,25.2,25.2,high,low,7,cloudflare,,,29/09/2026 14:16
acd18737-a445-4d48-82c2-d9164c029700,theoretic.live,available,2.98,39.48,medium,low,9,namecheap,,,11/09/2026 12:54
e3b131d9-006b-473f-81e0-149e078d4057,luxuriant.live,available,2.98,39.48,high,low,9,namecheap,,,15/08/2026 22:14
16bcc433-97e4-4aaa-ad0f-f1ab548faaa5,dart.live,resell,,,high,low,4,"Chengdu West Dimension Digital Technology Co., Ltd.",10/03/2024 15:15,10/03/2027 15:15,26/09/2026 05:25
dea23b31-a630-4407-81a0-caa480224301,naming.live,resell,,,high,low,6,"GoDaddy.com, LLC",01/02/2026 13:11,01/02/2027 13:11,28/09/2026 08:38
44b90f91-f8b5-44df-8232-dee546b5fde1,advection.live,available,3.49,32.99,medium,low,9,namesilo,,,17/09/2026 10:31
2d54db83-a8ec-40e4-a833-09eff51df29e,derrida.live,available,3.49,32.99,medium,low,7,namesilo,,,29/09/2026 18:37
c71eb9cc-12bc-4aa2-b49c-f38e36390b5a,milan.live,premium,3450,3450,high,low,5,namesilo,,,29/09/2026 07:37
82c65f6f-598b-4086-9c51-0164fcceae2e,philistine.live,available,2.98,39.48,medium,low,10,namecheap,,,
b9839ef7-0330-49f7-8154-7e8edace27a7,exonerated.live,available,2.98,39.48,high,low,10,namecheap,,,
fc4fbb40-14b6-424c-abf2-0973936fe118,numeric.live,resell,,,high,low,7,"Spaceship, Inc.",11/03/2026 20:35,11/03/2027 20:35,26/09/2026 07:50
dfc525d9-3fa8-41bb-b0fa-de0ade1af930,ripely.live,available,2.98,39.48,medium,low,6,namecheap,,,15/09/2026 23:48
065b0b76-2c45-4224-b414-87676bad6d42,piddle.live,available,2.98,39.48,low,low,6,namecheap,,,13/09/2026 08:06
ddfeb851-2110-4fce-a2b6-eb32cf64dadd,ruinous.live,available,2.98,39.48,medium,low,7,namecheap,,,10/08/2026 13:28
7b4e6f2f-2af7-4f62-be64-0de5a5bf04bb,arabist.live,available,2.98,39.48,medium,low,7,namecheap,,,19/09/2026 23:35
5c2ea42e-2901-49ce-a7dc-e2f6315e3ced,detachment.live,available,3.49,32.99,high,low,10,namesilo,,,29/09/2026 12:04
6433354c-d697-4771-a113-9ab4005b1176,affined.live,available,2.98,39.48,medium,low,7,namecheap,,,
d48c4383-35d0-4ce6-8632-8c0c629b48af,uniat.live,available,2.98,39.48,medium,low,5,namecheap,,,12/09/2026 12:44
94801cbb-57e7-46ab-bd34-675dca9ea24a,fueled.live,available,2.98,39.48,medium,low,6,namecheap,,,18/08/2026 17:37
536483b8-6259-4ebd-bc63-5a8906e07f28,tailor.live,resell,,,high,low,6,,,,28/09/2026 10:52
b2a3cfc3-cc29-4f64-8cbd-ce0c8f348ee4,beneath.live,available,3.49,32.99,medium,low,7,namesilo,,,28/09/2026 12:25
329cf1e5-a1c7-4f88-b66d-dd7ef11b9a8e,nearer.live,available,2.27,26.08,medium,low,6,spaceship,,,28/09/2026 14:02
5ddd3d83-7b07-4643-991c-7e97aa582c59,mustafa.live,premium,31.25,62.3,high,low,7,spaceship,,,28/09/2026 11:56
a52f6c54-9932-47d4-bbaa-298a05f5a253,scholar.live,resell,,,high,low,7,UM DOMAINS PTE. LTD,14/04/2026 15:15,14/04/2027 15:15,26/09/2026 08:50
60956b26-5bc4-4d7d-8f40-11d06dbbc227,esthetic.live,available,2.98,39.48,high,low,8,namecheap,,,21/09/2026 21:16
2b16c926-82c5-4667-ab6c-f7b2ff0f78e5,spacious.live,available,2.98,39.48,high,low,8,namecheap,,,27/09/2026 16:20
df90cba5-19ac-4fad-a52f-a1b5c92df035,obnoxious.live,available,2.98,39.48,medium,low,9,namecheap,,,03/09/2026 23:32
71a69c8e-f79c-45f1-aead-71468c50a296,manned.live,available,2.98,39.48,medium,low,6,namecheap,,,24/08/2026 15:16
934c654e-2a24-4e5a-b7e0-38b87ddc09ba,aerobic.live,premium,64.35,128.7,high,low,7,namecheap,,,21/09/2026 21:01
2a7c0df9-c447-4b06-bcbd-168cb032ec29,fusible.live,available,2.98,39.48,medium,low,7,namecheap,,,18/08/2026 19:06
6561c053-ca70-4c87-a626-40bfab938eab,goodly.live,available,2.98,39.48,high,low,6,namecheap,,,20/08/2026 16:36
daba5110-952f-430f-b1af-b93be0000631,wexford.live,premium,54.36,108.6,medium,low,7,porkbun,,,28/09/2026 21:57
f10acd5f-f99c-44a7-b427-3abc814b3507,spas.live,resell,,,medium,low,4,"GoDaddy.com, LLC",02/02/2026 19:41,02/02/2027 19:41,26/09/2026 09:11
75d112b1-b297-44a0-8d69-ec28d670086f,bawling.live,available,2.98,39.48,medium,low,7,namecheap,,,13/09/2026 07:42
ff06467e-1e5d-4e30-8238-f98c1c8e043b,sap.live,resell,,,high,low,3,,,,29/09/2026 06:26
f4172cd8-1f58-4731-9370-8a8585b47628,betelgeuse.live,available,3.49,32.99,medium,low,10,namesilo,,,18/09/2026 13:39
5bc34cab-4acd-4bec-a5f4-b07be942848b,elects.live,available,2.98,39.48,medium,low,6,namecheap,,,21/09/2026 04:31
d73b2098-8d02-43a7-9a16-d319a891cdcd,uncurbed.live,available,2.98,39.48,medium,low,8,namecheap,,,12/09/2026 04:34
2bd876f4-09ba-4d3a-aba5-e6e9ce650229,preserve.live,resell,,,high,low,8,"Sav.com, LLC - 29",23/06/2026 15:16,23/06/2027 15:16,26/09/2026 08:18
3ff82763-a368-469a-a558-99e2bb40b0cc,biennial.live,available,2.98,39.48,high,low,8,namecheap,,,09/08/2026 19:52
cce19f39-2b92-47e4-bc07-feb5d3b9bfc8,graph.live,resell,,,high,low,5,Porkbun LLC,02/01/2021 17:08,02/01/2027 17:08,29/09/2026 21:30
b2f346ea-9a0d-4eb3-9354-11e0bf1f9219,simplify.live,resell,,,high,low,8,,,,30/09/2026 21:28
487a048a-2871-4910-a1b6-dfdd81e59ae2,carton.live,resell,,,high,low,6,,,,30/09/2026 08:58
91a75219-40b2-43ac-ad12-aa8ab89f83fd,volunteers.live,premium,242,242,medium,low,10,namesilo,,,18/09/2026 01:21
ca737454-0ce3-4f4c-9dfd-50fc1e0a7f3d,endogamic.live,available,2.98,39.48,medium,low,9,namecheap,,,17/08/2026 01:11
af2a307a-2982-4c8a-856c-7fbc7e22a05a,salient.live,available,2.98,39.48,high,low,7,namecheap,,,09/09/2026 03:09
41c08183-9f1a-4528-8a69-ac6fbd93018b,jerking.live,premium,39,78,medium,low,7,namecheap,,,06/08/2026 21:58
23cf7057-74c6-414d-9771-79d835de4a33,peccable.live,available,2.98,39.48,medium,low,8,namecheap,,,08/09/2026 11:30
002ebabf-5434-4258-95fb-e4c7342679a7,iraki.live,available,2.98,39.48,medium,low,5,namecheap,,,22/08/2026 09:37
59341a37-5a0d-45f6-aeab-3f5b7789cccc,incumbent.live,available,2.98,39.48,high,low,9,namecheap,,,22/08/2026 02:03
2752248b-b106-4db4-a6e0-25b1f8ec2283,bicentric.live,available,2.98,39.48,medium,low,9,namecheap,,,09/08/2026 19:09
ec1307b6-d68f-4fbc-a322-16ef0e4deea1,environmental.live,premium,71.4,71.4,high,low,13,namesilo,,,01/10/2026 06:15
375e99f1-9c8b-4d47-b5b8-0706b65cfa7b,networks.live,premium,118.8,118.8,high,low,8,namesilo,,,19/09/2026 17:41
77e73966-8da0-482b-8f04-cd56215f1bce,changeless.live,available,2.98,39.48,medium,low,10,namecheap,,,12/08/2026 01:58
4f3c5fa7-3168-493a-a4ce-7628b4e3b6a4,bolivian.live,available,2.98,39.48,high,low,8,namecheap,,,10/08/2026 17:46
0262e046-a92d-454f-86b8-04ffbb1a184a,goody.live,resell,,,high,low,5,Dynadot Inc,24/01/2026 17:00,24/01/2027 17:00,26/09/2026 06:26
fe863d5e-fb06-4f9f-9550-3f1b6a2615c3,bagger.live,available,2.98,39.48,medium,low,6,namecheap,,,21/09/2026 18:02
6cfbdbeb-3502-4623-9c58-3de4c6cbe060,degrading.live,available,3.99,43.99,medium,low,9,name.com,,,13/08/2026 20:10
761a7f77-5ddb-473f-85bf-58f259d9c8dc,alone.live,resell,,,high,low,5,"Chengdu West Dimension Digital Technology Co., Ltd.",02/01/2024 15:15,02/01/2027 15:15,26/09/2026 03:48
40f8ddbc-c754-4ee1-8fd9-38061aafef6a,legs.live,available,3.49,32.99,high,low,4,namesilo,,,30/09/2026 02:47
979f7a96-68e8-43bc-a113-d81e47cc4719,cathartic.live,available,2.98,39.48,medium,low,9,namecheap,,,05/08/2026 22:20
72f05186-fea5-4f3e-8de2-17cb83bed4a7,tigerish.live,available,2.98,39.48,medium,low,8,namecheap,,,11/09/2026 15:51
55f1efc1-f0d5-4d43-9c3e-28c826d7887d,mya.live,premium,51.43,102.67,high,low,3,spaceship,,,30/09/2026 09:54
38e1e0a4-e310-4979-b01d-103322f6d4ce,legitimate.live,available,2.98,39.48,high,low,10,namecheap,,,22/08/2026 23:04
b5b33aae-471e-488a-ada3-bbe6e59b7c93,ataxic.live,available,2.98,39.48,low,low,6,namecheap,,,07/08/2026 12:32
91554cd6-6a6f-4f40-9ed1-7293d24eb4eb,measurement.live,available,2.98,39.48,high,low,11,namecheap,,,28/09/2026 05:47
11111944-2027-43ba-ac1a-218832ba0a83,devastated.live,available,2.27,26.08,medium,low,10,spaceship,,,28/09/2026 11:36
627e1ef6-92a8-4733-bbe5-3e88cda59973,shambles.live,available,3.49,32.99,medium,low,8,namesilo,,,16/09/2026 14:17
06089e36-b4ea-4bce-95bb-7e4c19e4f05e,extempore.live,available,2.98,39.48,high,low,9,namecheap,,,
ec0ab1c4-e67b-4773-b4ef-599b506bbdfd,leeward.live,available,2.98,39.48,medium,low,7,namecheap,,,22/08/2026 22:34
d4130c71-67ed-4611-9021-fb4ea7dcb62b,dreyfus.live,available,3.49,32.99,medium,low,7,namesilo,,,18/09/2026 06:30
f56b20c6-ab49-4749-bf07-fe630509afde,reputedly.live,available,2.98,39.48,medium,low,9,namecheap,,,15/09/2026 23:20
a0bb547d-fcec-4df8-bc4a-c2a7d34bf6b9,barbary.live,available,2.98,39.48,medium,low,7,namecheap,,,22/09/2026 04:32
6506d62f-b7d5-4208-834d-982408c5359e,aorist.live,available,3.49,32.99,medium,low,6,namesilo,,,19/09/2026 16:03
f2421bd6-3b0e-4750-bc59-33445bf9f8d4,unfortunate.live,available,3.99,43.99,medium,low,11,name.com,,,26/09/2026 03:07
26874173-0f20-41ef-be75-c511ef9c6beb,cdrom.live,available,25.2,25.2,medium,low,6,cloudflare,,,30/09/2026 16:37
5af9d7d4-1bef-4334-8408-a2aabaec8f68,arbalest.live,available,3.49,32.99,medium,low,8,namesilo,,,20/09/2026 00:33
cca426b4-b926-4313-8405-4b4cdc1b9664,hydrogen.live,resell,,,high,low,8,"Global Domains International, Inc. DBA DomainCostClub.com",08/05/2026 15:15,08/05/2027 15:15,26/09/2026 06:46
fc8e82a9-6db8-424c-81c7-175c8f02fe45,borrowing.live,available,3,,medium,low,9,unstoppable,,,28/09/2026 09:11
8f30ec70-c6b3-42f5-9d98-0797246a253e,measurable.live,available,2.98,39.48,high,low,10,namecheap,,,24/08/2026 18:27
69c150e2-3ebd-4a11-aaad-b4b87a8d2205,arietta.live,available,3.49,32.99,medium,low,7,namesilo,,,20/09/2026 05:25
d594b803-c114-4561-8ed6-ad7e664c9f45,manipulate.live,available,25.2,25.2,high,low,10,cloudflare,,,28/09/2026 05:48
1b246774-2785-4c89-a45f-7e12478726eb,cyclical.live,available,3.99,43.99,high,low,8,name.com,,,13/08/2026 13:34
ab17217d-bf6a-4892-bca5-6972600b1a1b,prodigal.live,available,2.98,39.48,high,low,8,namecheap,,,09/09/2026 02:36
b2ff28e5-5b9c-4cbf-a35c-fb9e784a5fdd,freedoms.live,available,3.49,32.99,medium,low,8,namesilo,,,30/09/2026 16:22
82ede2ca-7421-40b7-a740-f1ac476666de,kleenex.live,available,2.27,26.08,high,low,7,spaceship,,,30/09/2026 01:39
73ca8809-ca4d-4073-b524-7c58d2033f71,rama.live,resell,,,high,low,4,,,,27/09/2026 15:30
ed53e012-13ca-44b6-a45d-d737f85c3940,reginald.live,premium,71.4,71.4,high,low,8,namesilo,,,25/09/2026 15:10
bf41c942-1e26-45e4-8140-01a82930c6a3,aac.live,premium,200.5,,high,low,3,unstoppable,,,29/09/2026 15:15
da0c99c5-84ad-4ea5-b77a-a1baf6427c7f,dependant.live,available,2.98,39.48,medium,low,9,namecheap,,,14/08/2026 02:08
513fbb88-7133-4699-93eb-827d1d60ede8,threepenny.live,available,2.98,39.48,medium,low,10,namecheap,,,10/09/2026 09:08
bcd8627b-4649-452a-9894-2f84d9d68e76,intelligent.live,premium,207.2,414.2,high,low,11,spaceship,,,30/09/2026 23:27
21c038b8-aa0f-4be9-a82c-536fd657bdd0,prow.live,available,2.98,39.48,medium,low,4,namecheap,,,18/08/2026 11:28
18666f74-6322-4033-8530-522db2815c79,scenario.live,resell,,,high,low,8,,,,28/09/2026 06:43
a41df77f-6c21-420c-b6ae-4b0c047ac555,blackface.live,available,3.49,32.99,medium,low,9,namesilo,,,24/09/2026 02:15
8a703ccc-d3c2-4cd4-86dd-67241b951801,catchy.live,resell,,,high,low,6,"Sav.com, LLC",26/04/2026 16:24,26/04/2027 16:24,26/09/2026 04:48
8fa8bac1-c576-4d10-b759-750c1cbd3bab,meuse.live,available,3.49,32.99,medium,low,5,namesilo,,,20/09/2026 04:35
dff6ae5d-4639-4f74-be2a-d0886320a8a3,vesalius.live,available,2.98,39.48,medium,low,8,namecheap,,,19/09/2026 04:28
067bca4b-d5b6-4837-9e55-b27f90294eef,ecm.live,premium,118.8,118.8,high,low,3,namesilo,,,29/09/2026 06:42
e3bf6774-3c57-486c-86f1-24c9ab84abec,homozygous.live,available,2.98,39.48,medium,low,10,namecheap,,,21/08/2026 13:12
60eb7490-87b4-49d2-8aee-881b16cb19ea,disabling.live,available,2.98,39.48,medium,low,9,namecheap,,,13/08/2026 07:09
77f254b3-d897-4863-82ee-a5811e2d8f4a,sparked.live,resell,,,high,low,7,,,,30/09/2026 04:13
89d53401-5efa-4f90-97e3-f151a0b01eec,barmaid.live,available,3.49,32.99,medium,low,7,namesilo,,,22/09/2026 06:36
dd5d633b-8ccb-4ae9-a052-c60694147042,retentive.live,available,2.98,39.48,medium,low,9,namecheap,,,09/09/2026 11:47
f4c958ec-3023-4e4e-b0d3-b52fc6304efc,aloe.live,resell,,,high,low,4,"Sav.com, LLC - 13",17/03/2026 15:15,17/03/2027 15:15,26/09/2026 03:48
706fbfd8-7b32-45a7-b17f-25449270a5e0,mingle.live,resell,,,high,low,6,Dynadot Inc,31/01/2026 17:00,31/01/2027 17:00,26/09/2026 07:34
114e3037-ed2c-49bb-b54f-ac10de845170,coed.live,premium,64.35,128.7,medium,low,5,namecheap,,,12/08/2026 13:16
cd157814-1365-4538-8e2c-31c968d35964,briskly.live,available,2.98,39.48,medium,low,7,namecheap,,,14/09/2026 01:33
bb1093bd-c763-47b1-ab9e-7f39661b3e36,bulb.live,resell,,,high,low,4,,,,29/09/2026 05:14
6e85e9ba-fb24-45e8-9026-795cdfa4c22e,comically.live,available,2.98,39.48,medium,low,9,namecheap,,,14/09/2026 07:31
bd4efa15-50e9-4003-9415-40084a5f5f0f,fiscally.live,available,2.98,39.48,medium,low,8,namecheap,,,14/09/2026 18:37
cbd8aecd-d072-4f8f-97a9-3387352a34fb,attenuate.live,available,2.98,39.48,medium,low,9,namecheap,,,07/08/2026 15:21
09d62adc-80f4-46fc-a54f-0408c03c5bb9,ytterbium.live,available,3.49,32.99,medium,low,9,namesilo,,,20/09/2026 23:38
791722d0-8a78-456b-b04c-52332d3e98a0,conceited.live,available,2.98,39.48,medium,low,9,namecheap,,,12/08/2026 19:54
d9ff9cee-e0e2-4a19-99e0-b512404dd2c6,nagging.live,available,2.98,39.48,medium,low,7,namecheap,,,03/09/2026 12:41
029a7fcf-335f-46e8-81f4-fd5e8c960240,baksheesh.live,available,3.49,32.99,medium,low,9,namesilo,,,21/09/2026 15:52
b2ae088f-5fb8-486f-82a2-bd4a3da63466,users.live,resell,,,medium,low,5,"Spaceship, Inc.",07/03/2026 20:30,07/03/2027 20:30,26/09/2026 09:55
640bb985-7b6a-408f-a2ab-026f02410a2d,bloomington.live,premium,118.8,118.8,medium,low,11,namesilo,,,27/09/2026 08:15
3ac01352-d631-4af5-b5dd-bc4cececd7ed,reasons.live,available,2.98,39.48,medium,low,7,namecheap,,,25/09/2026 20:13
9573992a-3ec4-47ef-9f43-ef0b36f29c69,agitating.live,available,2.98,39.48,medium,low,9,namecheap,,,
d5a6a612-1d9f-4480-b273-06c1390af75a,detectors.live,available,2.98,39.48,medium,low,9,namecheap,,,30/09/2026 07:31
a4c9fda6-0455-4120-a09c-991579ded8ce,neutered.live,available,2.98,39.48,medium,low,8,namecheap,,,03/09/2026 16:35
36c2ee17-61bf-4120-a653-8bf3ea48a337,wretched.live,available,2.98,39.48,medium,low,8,namecheap,,,14/08/2026 04:09
736fc9f5-e7e6-4514-9f79-ac77257114cf,archine.live,available,3.49,32.99,medium,low,7,namesilo,,,20/09/2026 02:10
0528089c-af60-4fe1-b0f7-edffe0e263d5,tire.live,resell,,,high,low,4,"Sav.com, LLC - 16",13/06/2026 15:15,13/06/2027 15:15,26/09/2026 09:39
e05aacb9-b80a-49c4-a53d-9bd0c5a8adca,buckner.live,available,2.27,26.08,medium,low,7,spaceship,,,29/09/2026 09:53
a0f0bb7f-2c07-4585-856c-7848d761ebb1,amylum.live,available,3.49,32.99,medium,low,6,namesilo,,,19/09/2026 00:32
77c951b2-c16f-4cc2-b7c5-83cf41371c95,cradle.live,resell,,,high,low,6,,,,29/09/2026 06:28
15ab3891-1798-4cfa-9656-a0c41e341445,dominating.live,available,2.98,39.48,medium,low,10,namecheap,,,07/08/2026 19:40
19703694-6a5f-4afc-b765-974fbfc382aa,guardians.live,resell,,,medium,low,9,,,,30/09/2026 00:06
4e2769fa-9784-45f9-8479-486b526b4993,vegetative.live,available,2.98,39.48,medium,low,10,namecheap,,,13/09/2026 01:44
5b34eda8-050e-42c1-8883-b327f55284cf,net.live,resell,,,high,medium,3,"Chengdu West Dimension Digital Technology Co., Ltd.",24/12/2015 22:19,24/12/2029 22:19,26/09/2026 07:45
91bec9ce-8782-4e75-8aa7-1e8364c1a345,incorporated.live,available,3.49,32.99,medium,low,12,namesilo,,,28/09/2026 22:28
e02b7d36-bdd2-4d0f-9ced-0db015053dda,algebraic.live,available,2.98,39.48,medium,low,9,namecheap,,,
fecbabbd-2c22-4e82-9bba-e8058599708c,amplifies.live,available,2.98,39.48,medium,low,9,namecheap,,,17/09/2026 20:54
db274fc6-0935-4c43-94e7-9fbb097058d5,hawaiian.live,resell,,,high,low,8,"Sav.com, LLC",26/04/2026 11:52,26/04/2027 11:52,26/09/2026 06:35
61a8da37-d120-450d-a757-dec51969be35,spoof.live,premium,39,78,high,low,5,namecheap,,,23/09/2026 11:26
45f6db3b-0898-4842-bbfb-379eecf2a04b,vessel.live,resell,,,high,low,6,,,,27/09/2026 16:11
447df564-4603-4b6c-a2a9-07baa58f4f42,druggist.live,available,2.98,39.48,high,low,8,namecheap,,,19/09/2026 19:38
23363802-a354-45d0-a5a4-1454bc0a01b4,trumpian.live,available,3.49,32.99,medium,low,8,namesilo,,,
2c907a10-dc97-400e-b447-2c7a43373c1d,anabolic.live,available,2.98,39.48,high,low,8,namecheap,,,
db16ae52-210a-4799-a30f-13c08946a01a,theatres.live,available,2.98,39.48,medium,low,8,namecheap,,,20/09/2026 19:41
cc7dabf9-dc8d-4d5d-bea7-1f018429c698,worried.live,available,3.49,32.99,high,low,7,namesilo,,,24/09/2026 11:23
8942c53b-4bb4-4c56-9cee-4cfb2da88af5,durations.live,available,2.98,39.48,low,low,9,namecheap,,,30/09/2026 07:29
6cdf7c8f-1ace-474f-b291-34e129493cef,plough.live,available,2.98,39.48,medium,low,6,namecheap,,,23/09/2026 14:29
71c9b840-4582-49d2-9192-d33741869793,seconded.live,available,3.49,32.99,medium,low,8,namesilo,,,20/09/2026 15:37
f3c6cf70-960c-4bb4-913e-5c52dcc88d96,eggplant.live,available,3.49,32.99,high,low,8,namesilo,,,21/09/2026 02:30
d562ef9d-f029-4213-a81c-02bd2d13da16,hodges.live,premium,39,78,medium,low,6,namecheap,,,25/09/2026 19:37
784f35cb-406b-4167-81c9-5cf5987bf90f,petalous.live,available,2.98,39.48,medium,low,8,namecheap,,,08/09/2026 18:15
2be11259-71a4-4895-854c-90afa8a98f05,attilio.live,available,3.49,32.99,medium,low,7,namesilo,,,21/09/2026 01:49
b44c4801-dd94-4186-aa1a-c45e0c5e9e06,characterized.live,available,2.27,26.08,low,low,13,spaceship,,,30/09/2026 23:27
5dd5da4f-59c7-4ce0-8deb-cbcc0172ac5c,drainage.live,available,2.57,26.26,high,low,8,porkbun,,,29/09/2026 18:40
06388f8e-dbf9-4eaf-bb05-5776de6f1a8b,billet.live,available,3.49,32.99,medium,low,6,namesilo,,,23/09/2026 10:14
102866bd-49a8-48e7-b69a-6302ce0ec430,lakh.live,available,2.98,39.48,medium,low,4,namecheap,,,21/08/2026 15:36
1cf01b70-a61e-4efe-94ca-c3995155a2c5,rob.live,resell,,,high,low,3,"GoDaddy.com, LLC",03/03/2021 16:35,03/03/2027 16:35,26/09/2026 08:42
36744376-d2b3-4e4a-bc88-2305afdf686f,unwise.live,available,2.98,39.48,medium,low,6,namecheap,,,12/09/2026 22:42
9ead33a2-f7d5-40b5-bec4-a1f4ab17d70f,blackbuck.live,available,3.49,32.99,medium,low,9,namesilo,,,19/09/2026 14:39
5f759d10-6a17-4251-9fe3-b91f2a650bee,intercept.live,resell,,,high,low,9,,,,28/09/2026 06:03
76ec68f4-a446-463b-b22e-ca27aee6d4d6,florid.live,available,,,medium,low,6,,,,
6447354a-de8e-45d6-88f6-04123edf5c83,abls.live,available,3.49,32.99,medium,low,4,namesilo,,,16/09/2026 16:13
88fe3799-d9d4-41a4-8040-08520e7e7d03,bicuspid.live,available,2.98,39.48,high,low,8,namecheap,,,09/08/2026 19:44
7ba2a4b7-2d58-4e15-bf07-8a5f5633ba02,balzac.live,available,3.49,32.99,medium,low,6,namesilo,,,22/09/2026 00:32
9ed0f9b0-d07e-406d-9c69-2db5bfa8303b,yamato.live,premium,51.43,102.67,high,low,6,spaceship,,,30/09/2026 13:00
b9b9c810-9dc3-461d-b510-26fae67fba92,grocery.live,resell,,,high,low,7,"GoDaddy.com, LLC",28/06/2026 20:46,28/06/2027 20:46,26/09/2026 06:30
864f0076-ea83-4a1f-937b-93b28783f460,center.live,resell,,,high,low,6,"DNSPod, Inc.",06/07/2017 04:45,06/07/2036 04:45,30/09/2026 13:21
21b20d3d-457c-46f2-965d-3c1c70a2b324,perturbed.live,available,2.98,39.48,medium,low,9,namecheap,,,18/08/2026 09:31
5d5c7c75-f66d-4610-92bb-99b4433c1a83,unhindered.live,available,2.98,39.48,medium,low,10,namecheap,,,12/09/2026 11:55
532043bd-0b35-487c-85a3-837c63faa077,achondrite.live,available,2.98,39.48,medium,low,10,namecheap,,,17/09/2026 00:54
4df48f55-bbaf-42f7-8bff-4c22e33259a6,envelope.live,resell,,,high,low,8,"Sav.com, LLC",15/04/2026 07:06,15/04/2027 07:06,26/09/2026 05:52
7aca6d6e-1a92-4e57-9ef4-bfec2146a88f,mutualist.live,available,2.98,39.48,medium,low,9,namecheap,,,22/08/2026 07:59
f2dd5012-f36b-4243-b631-fa696b2a8426,enlarged.live,available,3.49,32.99,high,low,8,namesilo,,,22/09/2026 22:37
a6aaa29b-e259-475c-90cf-2998551b49f3,esl.live,premium,3450,3450,high,low,3,namesilo,,,29/09/2026 23:53
c79a5bda-8be0-4a41-85df-0d1022f0c5b2,oaten.live,available,2.98,39.48,medium,low,5,namecheap,,,03/09/2026 23:28
a3400f9d-a81e-4670-98df-bf5e04e9d043,whoreson.live,available,2.98,39.48,low,low,8,namecheap,,,08/08/2026 23:43
cd0a1e84-35c8-4447-8639-8d063dbfc185,unkindly.live,available,2.98,39.48,medium,low,8,namecheap,,,12/09/2026 14:15
bbd8da69-3e70-4d15-9ad3-1208910b6749,bitters.live,available,3.49,32.99,medium,low,7,namesilo,,,23/09/2026 23:09
1db00ce4-460d-47c0-a7ac-da4e2f3e02c0,massages.live,premium,71.4,71.4,medium,low,8,namesilo,,,20/09/2026 09:22
dd17dc33-1fb3-49ef-932b-09e14fd39bc3,dolan.live,available,3,,high,low,5,unstoppable,,,28/09/2026 11:39
c351373c-9463-4501-878d-867697e27fb4,middlebury.live,premium,71.4,71.4,medium,low,10,namesilo,,,29/09/2026 15:53
5ae044b9-08e2-4951-b024-36adf85a8daf,bishop.live,premium,260,520,high,low,6,namecheap,,,23/09/2026 21:47
ba0bbb1e-ac34-4b74-a05e-a5941ef65408,techno.live,premium,512,512,high,low,6,namesilo,,,30/09/2026 12:53
8a841200-2d61-4e11-9378-e5f16278663d,braga.live,premium,71.4,71.4,high,low,5,namesilo,,,30/09/2026 08:48
512a5f6c-e614-45c4-aaae-d836fcaa7df2,zoology.live,available,2.27,26.08,high,low,7,spaceship,,,01/10/2026 02:02
b03e6a1f-020c-417c-a2d6-dca8a0791578,ludicrous.live,available,2.98,39.48,medium,low,9,namecheap,,,14/08/2026 02:58
466cdd65-69dd-40b1-8b64-2c382b416cfe,slippery.live,available,2.98,39.48,medium,low,8,namecheap,,,10/09/2026 11:01
faa62baa-24a0-4e39-b8d9-8edd91e1f307,ahuh.live,available,3.49,32.99,medium,low,4,namesilo,,,
d99fb0e7-a537-4362-86d6-4dcd1652af59,angelique.live,premium,71.4,71.4,high,low,9,namesilo,,,19/09/2026 05:58
02221ba8-a220-4ad5-835d-d9317d8d9ed6,bighorn.live,available,3.49,32.99,high,low,7,namesilo,,,23/09/2026 15:10
add709e4-5cc1-4f9a-a0f8-4ba4eb37bb41,sunk.live,available,2.98,39.48,medium,low,4,namecheap,,,11/09/2026 01:50
70507059-9656-4d84-957b-695f4c98106a,arid.live,available,,,medium,low,4,,,,
023cb926-0e2b-4185-a16e-4a69d56ba40b,keller.live,premium,71.4,71.4,high,low,6,namesilo,,,25/09/2026 07:11
8e0339bb-dbd4-4e6d-a3d6-8540493b0307,amuck.live,available,2.98,39.48,medium,low,5,namecheap,,,
6d27e0ad-2650-431e-9edf-a752768f6f9b,teenager.live,premium,130,260,high,low,8,namecheap,,,21/09/2026 19:08
12882aec-e9f0-4467-b45a-509cb4fac35b,orleans.live,premium,71.4,71.4,high,low,7,namesilo,,,30/09/2026 06:15
3662bce1-69e1-46ad-ad9e-7a7202855ace,breastless.live,available,2.98,39.48,medium,low,10,namecheap,,,11/08/2026 03:14
27fd2c65-d756-4d86-be4e-a4dd296f865e,spokesman.live,available,2.27,26.08,high,low,9,spaceship,,,29/09/2026 08:06
54f07d19-405e-475d-b5d7-e3bcbc252327,gastropod.live,available,2.98,39.48,medium,low,9,namecheap,,,12/09/2026 14:04
2b4abfdb-fcee-41ab-a774-fb1b6dbdb998,rivalrous.live,available,2.98,39.48,medium,low,9,namecheap,,,09/09/2026 18:06
531ccb4b-55bd-4f3d-80b8-3c55735c7487,wandered.live,available,2.98,39.48,medium,low,8,namecheap,,,18/09/2026 02:36
37072d3d-45c5-47a1-9574-3297d8ee2cf5,cimmerian.live,available,2.98,39.48,medium,low,9,namecheap,,,12/08/2026 08:11
e98ce997-8abf-4139-9eae-f114bf7b395b,gibson.live,premium,118.8,118.8,high,low,6,namesilo,,,18/09/2026 14:55
1cc2ad2b-370a-47f5-9357-5c3eecf46c12,alate.live,available,2.98,39.48,medium,low,5,namecheap,,,
bbc35a5b-ca99-4ec7-820f-1cce86446021,darkish.live,available,3.99,43.99,medium,low,7,name.com,,,13/08/2026 18:14
832d941e-013c-4759-ac78-17babb9ab97e,nikita.live,premium,71.4,71.4,high,low,6,namesilo,,,29/09/2026 04:05
60f47bd9-97f1-41b9-89dd-47ec58fede55,aruru.live,available,2.98,39.48,medium,low,5,namecheap,,,20/09/2026 12:26
c265c309-69bd-45cc-8e25-b15bb5fcb7ee,audit.live,resell,,,high,low,5,Realtime Register B.V.,07/08/2025 15:15,07/08/2027 15:15,26/09/2026 04:08
4e8e68bf-4087-4fcb-b70a-5224798e9589,bipedal.live,available,2.98,39.48,medium,low,7,namecheap,,,10/08/2026 05:09
dceee0e3-920c-4868-b2a6-fa013a5f5914,herculean.live,available,2.98,39.48,high,low,9,namecheap,,,21/08/2026 07:06
5beeaea2-8ef8-4dc9-83d5-ce288556cd7e,handiness.live,available,3.49,32.99,medium,low,9,namesilo,,,16/09/2026 22:18
f43c67a3-1ea7-410a-92a6-ba8208d03d8a,contracted.live,available,3.49,32.99,medium,low,10,namesilo,,,23/09/2026 22:26
2834c239-3612-4220-96ef-ba4271286459,kay.live,premium,118.8,118.8,high,low,3,namesilo,,,26/09/2026 00:52
28deed4c-db54-4c5c-ae9e-6f6e51936f65,toothless.live,available,2.98,39.48,medium,low,9,namecheap,,,11/09/2026 17:15
9dbccfa2-4fe5-4414-acb5-ea5de6ead0d7,bsarch.live,available,3.49,32.99,medium,low,6,namesilo,,,21/09/2026 14:16
db6b079f-8431-4040-b852-b28825fe1cc9,losses.live,available,3.49,32.99,medium,low,6,namesilo,,,28/09/2026 10:16
8699362d-2d9a-4a16-9d8b-6f6b85d8c6b7,chattering.live,available,3.49,32.99,high,low,10,namesilo,,,30/09/2026 16:43
5ce254d9-9c29-49d7-933b-ef8bab08e0c1,gobsmacked.live,available,2.98,39.48,medium,low,10,namecheap,,,20/08/2026 16:00
6bdbb414-eace-49e6-bc07-ce805375567c,charlotte.live,premium,768,768,high,low,9,namesilo,,,28/09/2026 18:41
8faa82cf-dc49-40b2-981d-cf37c460ccc3,instep.live,available,3.49,32.99,medium,low,7,namesilo,,,16/09/2026 14:59
b69ef69f-55e1-41ac-aafc-95c3b063c6e5,endwise.live,available,2.98,39.48,medium,low,7,namecheap,,,14/09/2026 15:37
a12ad567-7086-4891-bd19-db5f6feddb3f,ats.live,premium,,,high,low,3,,,,29/09/2026 22:45
1654e54c-1ef4-4e24-8f41-5ced33e268df,negatively.live,available,2.98,39.48,medium,low,10,namecheap,,,15/09/2026 16:24
9c35f27a-2c8a-4582-b108-88089ca45fe7,omnivorous.live,available,2.98,39.48,medium,low,10,namecheap,,,04/09/2026 13:56
bb477395-93db-485c-b8cf-dd0c00440c63,repetitive.live,available,2.98,39.48,medium,low,10,namecheap,,,22/08/2026 07:14
fb83735f-cf59-4f7b-84d1-b459988ba9be,embarrassment.live,available,3.49,32.99,medium,low,13,namesilo,,,28/09/2026 12:29
e667b89f-70d7-4f7d-a509-bc4ab1d873b8,elena.live,premium,118.8,118.8,high,low,5,namesilo,,,27/09/2026 03:02
d2c77dd9-2cd4-4821-9e14-b2f1915b8f5e,miri.live,premium,71.4,71.4,high,low,4,namesilo,,,16/09/2026 16:35
3f0f166c-c84f-4175-baeb-33678fb25110,twelfth.live,available,2.98,39.48,high,low,7,namecheap,,,
70b7f4b1-796a-4c06-9ded-b719e2a0cc60,nighted.live,available,2.98,39.48,low,low,7,namecheap,,,09/08/2026 14:33
8d37ff5d-6e1e-4248-a33b-2cb2e0daf546,dandified.live,available,3.99,43.99,medium,low,9,name.com,,,13/08/2026 17:01
d727037d-456b-47ac-8c80-2c236eb28e36,invertible.live,available,2.98,39.48,medium,low,10,namecheap,,,22/08/2026 09:00
fba44ffb-1e16-4962-ba8d-dfb7e9f247e1,generally.live,available,2.27,26.08,medium,low,9,spaceship,,,28/09/2026 13:35
9411582d-a131-4b56-bbfd-4563f63a84ee,stately.live,available,3.49,32.99,high,low,7,namesilo,,,25/09/2026 14:19
07bdeae1-fa7d-46b8-8312-5a97e2401568,equivocal.live,available,2.98,39.48,medium,low,9,namecheap,,,
5f3be1da-a719-4c9a-9d24-48e2bad465fb,finicky.live,available,2.98,39.48,medium,low,7,namecheap,,,18/08/2026 04:58
b97e742f-8cc2-4f98-8cb3-a800b965a496,jailed.live,available,3.49,32.99,medium,low,6,namesilo,,,19/09/2026 04:16
243586e3-0c26-4ff6-a2a3-8e128e73190e,thompson.live,premium,71.4,71.4,high,low,8,namesilo,,,23/09/2026 08:26
f564ee17-50ae-4804-8b7f-034b28e2b61e,globular.live,available,2.98,39.48,medium,low,8,namecheap,,,08/08/2026 10:06
7fed1932-8e18-4a79-891d-51c897238c63,omphalos.live,available,3.49,32.99,medium,low,8,namesilo,,,23/09/2026 06:37
f0a83b6b-f5e9-4488-ab11-02bdb3deb314,unmade.live,available,2.98,39.48,medium,low,6,namecheap,,,12/09/2026 15:15
9ff8a537-fa37-4cd8-8b5c-1d873b75f551,pcc.live,premium,99.5,,high,low,3,unstoppable,,,29/09/2026 14:59
b1b44550-9577-49b6-87fb-21df391d139d,josiah.live,premium,71.4,71.4,medium,low,6,namesilo,,,27/09/2026 01:34
a225f908-d164-4f72-a0ce-e6fc47ada634,capitalist.live,available,2.98,39.48,high,low,10,namecheap,,,25/09/2026 09:02
be31d67f-0dc8-4404-949c-7c0fe50b9d75,punish.live,available,3.49,32.99,high,low,6,namesilo,,,27/09/2026 06:05
80886ca4-07d7-4271-917e-94289e06301e,moderately.live,available,2.98,39.48,medium,low,10,namecheap,,,25/09/2026 12:00
fc22fe3a-dc07-484d-8fff-86b08933e61e,shales.live,available,25.2,25.2,low,low,6,cloudflare,,,28/09/2026 17:57
578a74bd-29cf-4bde-a94f-b4052296a476,briton.live,available,2.98,39.48,high,low,6,namecheap,,,11/08/2026 04:48
5bde2423-e747-4bee-9ff8-687d5b7a80a6,dirty.live,premium,242,242,high,low,5,namesilo,,,23/09/2026 21:45
2cf9b158-f90e-4e74-b715-7f2a42e88f2e,minnesota.live,premium,1293.95,2587.7,high,low,9,spaceship,,,28/09/2026 14:20
4ea3fb45-eb71-4174-8f40-d53ccb098601,past.live,resell,,,high,low,4,"Chengdu West Dimension Digital Technology Co., Ltd.",09/09/2021 17:00,09/09/2027 17:00,27/09/2026 02:57
07759882-68e5-4ae3-8a85-c9e33735ac7a,bernini.live,available,3.49,32.99,high,low,7,namesilo,,,23/09/2026 09:56
bbe96f49-7363-4acb-915b-55032f88df7c,kodiak.live,premium,71.4,71.4,high,low,6,namesilo,,,18/09/2026 02:05
5172220b-959e-47ce-9f22-f81012123b0f,molotov.live,available,2.27,26.08,high,low,7,spaceship,,,29/09/2026 13:28
aaf3732e-2d5b-4164-9ea2-c1b65ac8b6f0,zonary.live,available,2.98,39.48,medium,low,6,namecheap,,,13/09/2026 15:31
0a70a9b5-5ecc-4360-9ca9-ebe6676e8474,gabonese.live,available,2.98,39.48,medium,low,8,namecheap,,,18/08/2026 19:24
c8afae04-4336-477e-bd32-c74f174e27c7,acetum.live,available,3.49,32.99,medium,low,6,namesilo,,,17/09/2026 00:18
f5c7aaf0-915f-4049-b0c1-d1a23e6296bb,coating.live,available,25.2,25.2,high,low,7,cloudflare,,,30/09/2026 01:04
fa5ecffd-76b1-41d2-a3f9-dcfc67eeb5ce,rubbing.live,available,25.2,25.2,medium,low,7,cloudflare,,,29/09/2026 02:04
bc7dddaf-d0c8-4aeb-ac90-e8af14ec56ad,thorpe.live,available,3.49,32.99,high,low,6,namesilo,,,30/09/2026 00:34
41eabc46-363d-4f9d-b2dc-e6347fb08757,haphazard.live,available,2.98,39.48,medium,low,9,namecheap,,,20/08/2026 23:46
f2d50963-ab1e-4280-af5e-e2511e350c93,dogging.live,available,2.98,39.48,medium,low,7,namecheap,,,14/08/2026 15:03
b6315c37-85f8-4d20-8a65-f673a7871eac,macaronic.live,available,2.98,39.48,medium,low,9,namecheap,,,24/08/2026 12:44
f92ecf73-b60c-4c41-aef9-de2e213316e6,biaxal.live,available,2.98,39.48,medium,low,6,namecheap,,,09/08/2026 18:46
bd5c154f-b358-4363-8db9-dc4048af4e9e,rushes.live,available,3.49,32.99,high,low,6,namesilo,,,30/09/2026 06:26
3286ac33-e1fa-4376-bff2-8fc30f86d8e8,scrutinise.live,available,2.98,39.48,medium,low,10,namecheap,,,21/09/2026 03:07
41e41517-0092-4206-b4dd-2699ac0bd3b9,owning.live,available,3.49,32.99,medium,low,6,namesilo,,,20/09/2026 00:32
56574b8e-66b0-4f3a-9eff-45ede548c45f,copasetic.live,available,2.98,39.48,medium,low,9,namecheap,,,13/08/2026 00:20
8c45b067-3aed-4dc8-9771-11252d4580db,rhomboid.live,available,2.98,39.48,medium,low,8,namecheap,,,09/09/2026 16:47
6fd3b7db-1682-4a16-afa0-49ea8be586c2,hangnail.live,available,2.98,39.48,medium,low,8,namecheap,,,17/09/2026 18:26
3ca19ec9-58aa-469f-8199-654e9e815493,artificer.live,available,3.49,32.99,high,low,9,namesilo,,,20/09/2026 11:38
f2a70ed3-be47-4888-84c0-39b012ec958e,arachnida.live,available,2.98,39.48,medium,low,9,namecheap,,,19/09/2026 23:41
cf17b96c-c1d3-433b-bfc4-f3dd557efc9b,spectators.live,available,2.27,26.08,medium,low,10,spaceship,,,30/09/2026 06:28
c9380d07-d91b-458e-a5e2-c0f482296b98,ferine.live,available,2.98,39.48,medium,low,6,namecheap,,,18/08/2026 01:16
f4d40021-fed0-4e81-97ce-fde57e567862,admire.live,available,3.49,32.99,high,low,6,namesilo,,,28/09/2026 03:18
1dd1953b-ee9b-40e1-b0f3-29a28d315abc,amplifying.live,available,2.98,39.48,medium,low,10,namecheap,,,17/09/2026 20:45
ebf6c9b1-4435-4536-b565-a3b6539f2ded,diversity.live,premium,130,260,high,low,9,namecheap,,,29/09/2026 16:23
de9e28b9-9e24-4167-9cf4-e7f0fb5dccb5,clone.live,resell,,,high,low,5,"Xiamen ChinaSource Internet Service Co., Ltd",30/09/2023 15:15,30/09/2027 15:15,29/09/2026 04:47
d7ae9c3b-cd8c-4979-b5b3-0917261ee156,emblazon.live,available,3.99,43.99,medium,low,8,name.com,,,24/09/2026 05:09
4f7561d8-7525-48fc-ae2d-cca785b056a3,mouthwash.live,available,3.99,,high,low,10,name.com,,,
22b66244-c5b4-4ac6-ae52-b398297084ac,trilled.live,available,2.98,39.48,medium,low,7,namecheap,,,09/09/2026 18:19
3da0d40d-c25e-49ec-948a-6e1849f7cfd0,band.live,premium,700,1400,high,low,4,namecheap,,,29/09/2026 00:56
a45ff970-3a43-48ec-92f8-19e39d47ccca,marsha.live,premium,,,high,low,6,,,,30/09/2026 04:40
18edc0f0-543d-4f51-9f99-b61363d9536d,marshals.live,available,2.27,26.08,high,low,8,spaceship,,,30/09/2026 18:01
11c58130-b3e5-4c2c-82a6-6b85fe50f7e0,jug.live,premium,99.5,,medium,low,3,unstoppable,,,29/09/2026 12:28
02677cd1-a491-48a1-93c0-0bd89e7f7301,sasha.live,premium,118.8,118.8,high,low,5,namesilo,,,28/09/2026 08:29
80cf44b9-5793-4cef-bcee-09db82fee1fd,pochard.live,available,3.49,32.99,medium,low,7,namesilo,,,21/09/2026 10:48
4fd28baf-a7c4-4526-9313-c8e5a108b703,lunches.live,available,2.98,39.48,medium,low,7,namecheap,,,20/09/2026 07:45
912c3efe-a06e-48fd-a93b-b3c29437623b,pickaback.live,available,2.98,39.48,medium,low,9,namecheap,,,15/09/2026 19:48
904bd040-9b5d-4c40-b8f4-71eb7c0e4cd7,penciled.live,available,2.98,39.48,medium,low,8,namecheap,,,08/09/2026 13:55
ae37f1aa-93c0-4117-a41e-663600556a36,about.live,premium,768,768,high,low,5,namesilo,,,21/09/2026 14:03
ad642418-4617-4e2d-a3ec-3f74909e0d65,fogged.live,available,2.98,39.48,medium,low,6,namecheap,,,18/08/2026 09:51
601ba6db-466a-4e17-87f5-543501b481c4,amidships.live,available,2.98,39.48,medium,low,9,namecheap,,,
abb5a5c4-2079-4ddf-bc69-7eae8b9ae291,chekov.live,available,3.49,32.99,medium,low,6,namesilo,,,19/09/2026 15:28
b2a96b30-45b4-4af8-a972-98950fabc8d4,hobbes.live,available,3.49,32.99,medium,low,6,namesilo,,,29/09/2026 07:16
b7e00681-eda5-49de-9541-e5f5ee4757b0,aluminum.live,available,3.49,32.99,high,low,8,namesilo,,,18/09/2026 00:21
67312fd4-2a81-418c-9d17-da97a41f4253,cloven.live,available,2.98,39.48,medium,low,6,namecheap,,,10/08/2026 06:51
a06f5381-7ffa-4c34-8d1d-2ab6e24a501e,pseudonym.live,premium,1625,3250,high,low,9,namecheap,,,19/09/2026 11:33
2e51d0c0-b5b3-4968-8bfa-8abe21ea9e7c,hush.live,resell,,,high,low,4,"Sav.com, LLC - 46",23/07/2026 15:15,23/07/2027 15:15,26/09/2026 06:46
e13ec286-86f2-4100-b8f6-b88d490afac4,prostrate.live,available,2.98,39.48,high,low,9,namecheap,,,09/09/2026 03:57
6d4113ca-7242-4cfc-8c92-bfba61be9ba0,ionizing.live,available,3.49,32.99,medium,low,8,namesilo,,,29/09/2026 08:38
84229fee-549e-4330-a016-66878d82a9be,ashkenazi.live,available,3.49,32.99,medium,low,9,namesilo,,,20/09/2026 13:54
fd94f648-5201-4da0-88bd-a3cbbb41d3dd,nguyen.live,premium,31.25,62.3,high,low,6,spaceship,,,28/09/2026 04:48
0282733d-1441-4658-bc27-6e1623aaee54,economy.live,premium,130,260,high,low,7,namecheap,,,08/09/2026 12:29
cf20f0bc-bc64-44eb-894d-d62a095366f1,rapt.live,available,2.98,39.48,high,low,4,namecheap,,,14/08/2026 23:50
52cf040c-8c20-42e2-98b6-52b195857238,smetana.live,available,3.49,32.99,medium,low,7,namesilo,,,22/09/2026 23:32
66d9cf30-a583-4652-9b41-a454e957020d,begun.live,available,2.57,26.26,medium,low,5,porkbun,,,28/09/2026 08:15
5750ecf8-83d4-449c-b8d5-e60bf6d6b30a,bight.live,available,3.49,32.99,medium,low,5,namesilo,,,23/09/2026 15:12
52b4e243-7af6-4c18-8d31-6452f3ca80ec,practising.live,available,3,,high,low,10,unstoppable,,,30/09/2026 04:09
dcf51026-3459-45cc-a345-e9b388db2891,heavyweight.live,available,2.5,26.97,high,low,11,dynadot,,,29/09/2026 03:05
4f6484b3-6d01-45ed-b349-cdcb1ae6ed53,checkroom.live,available,3.49,32.99,medium,low,9,namesilo,,,24/09/2026 14:04
e84af241-3983-42a2-99fd-83a46f4d3b16,reliever.live,available,3.49,32.99,high,low,8,namesilo,,,18/09/2026 10:02
a3b6c2ab-d74f-4910-ac6d-dd006c116d3a,aeneid.live,available,3.49,32.99,medium,low,6,namesilo,,,17/09/2026 12:28
dd45886d-6110-44a9-b5b7-7b7862a6892d,armoire.live,available,3.49,32.99,medium,low,7,namesilo,,,20/09/2026 07:20
53b6a6bd-ea8b-4b85-becb-5919c68f73ed,whelan.live,available,2.98,39.48,medium,low,6,namecheap,,,29/09/2026 16:28
81463558-211a-46c7-93b1-588af3e2e87a,replacement.live,available,3.49,32.99,high,low,11,namesilo,,,
e5796a90-c8bf-4228-9d60-9aff358245ae,formidably.live,available,2.98,39.48,medium,low,10,namecheap,,,14/09/2026 19:46
7fdcc637-0604-4172-9368-316b58d5ad5c,chelate.live,available,2.98,39.48,medium,low,7,namecheap,,,12/08/2026 04:03
8b3cf1f3-07f9-43d3-b413-cb0f65b37707,adoptee.live,available,3.49,32.99,medium,low,7,namesilo,,,17/09/2026 09:39
b6c23054-9c34-4596-ae35-61e098ece474,calculating.live,available,25.2,25.2,medium,low,11,cloudflare,,,29/09/2026 14:44
65ab44a4-bb6b-47de-8bb0-e8d68a69af08,tess.live,premium,,,medium,low,4,,,,28/09/2026 21:56
ffd4e904-85d5-4804-8011-30c68e1a1387,collects.live,available,2.98,39.48,medium,low,8,namecheap,,,29/09/2026 17:04
137d45dd-4452-4630-b75e-2225831eba96,admirer.live,available,3.49,32.99,high,low,7,namesilo,,,17/09/2026 08:56
1de4e171-04c0-47ec-bddc-5699af2e90d8,colleges.live,premium,118.8,118.8,medium,low,8,namesilo,,,29/09/2026 05:34
9b24787a-a1c8-4eca-99f2-5f84bc243309,nervously.live,available,2.98,39.48,medium,low,9,namecheap,,,15/09/2026 16:28
478c34b9-e447-4304-832c-ccc4047c1d47,symons.live,available,3.49,32.99,medium,low,6,namesilo,,,20/09/2026 11:07
5542ffd7-2230-4483-9c03-ec248e0f9a9a,annum.live,available,3.49,32.99,high,low,5,namesilo,,,19/09/2026 11:04
e9323a03-9774-4323-983f-6207f9212aff,designedly.live,available,2.98,39.48,medium,low,10,namecheap,,,13/09/2026 17:33
0a12c1b1-440f-4556-bc00-72e681e0a0f6,sichuan.live,premium,33.05,66.02,medium,low,7,porkbun,,,28/09/2026 15:21
d0841609-37fa-4c8c-84ee-15bd1f1c90f6,lipoma.live,available,3.49,32.99,medium,low,6,namesilo,,,17/09/2026 08:18
11415b59-3117-4694-ba37-c555dcd35db6,bedclothes.live,available,2.98,39.48,high,low,10,namecheap,,,22/09/2026 22:48
f20a813b-bd90-426d-81e5-77ba114b0c41,valuator.live,available,3.49,32.99,medium,low,8,namesilo,,,19/09/2026 22:13
d4dbf223-1724-4ba3-ab57-8e155b0332cb,rested.live,available,2.27,26.08,high,low,6,spaceship,,,27/09/2026 12:50
f634df07-fb0a-45b2-b710-4dd38d15eb34,deeper.live,resell,,,high,low,6,"Sav.com, LLC - 43",22/12/2025 15:15,22/12/2026 15:15,26/09/2026 05:28
ef27d09e-dd03-4054-a25f-dafe2428744f,conn.live,premium,64.35,128.7,high,low,4,namecheap,,,29/09/2026 14:12
449c7cf3-f56f-4437-9cfa-837c9d8a49bf,propertied.live,available,2.98,39.48,medium,low,10,namecheap,,,09/09/2026 03:34
56e571a3-1814-46e6-8e3d-048c2d8a4f82,contaminated.live,available,3.49,32.99,medium,low,12,namesilo,,,
59948e4e-8125-437b-a9ed-6e95a0c2cf0d,unshaped.live,available,2.98,39.48,medium,low,8,namecheap,,,12/09/2026 19:31
ffaaae00-12a6-4ba6-ad8e-a3679eda671d,het.live,premium,130,260,medium,low,3,namecheap,,,21/08/2026 02:20
eee5c5ca-e262-4452-a50d-d877a440acd8,filtering.live,available,3.49,32.99,medium,low,9,namesilo,,,30/09/2026 23:23
77f41a2b-a544-4f21-a455-edadcdecddcf,amah.live,available,2.98,39.48,medium,low,4,namecheap,,,18/09/2026 15:37
0fd73ecc-bea0-4c1a-a85d-6b6ef63a79b5,parasites.live,available,2.5,26.97,medium,low,9,dynadot,,,29/09/2026 22:54
c1574be2-353c-42b5-b45e-4b277955b314,barong.live,available,3.49,32.99,medium,low,6,namesilo,,,22/09/2026 07:38
227568d8-ca37-4165-927f-b4bfff499d83,freeman.live,resell,,,high,low,7,,,,30/09/2026 09:45
fb88f73e-7824-47a4-834a-8c046fd82384,eolian.live,available,2.98,39.48,medium,low,6,namecheap,,,
8c75b125-8590-4834-ab10-7ac8ebffe026,legitimacy.live,available,3.49,32.99,high,low,10,namesilo,,,21/09/2026 05:07
11317990-caff-4dcb-a4b9-1ad5b3fc8216,carob.live,available,2.98,39.48,medium,low,5,namecheap,,,18/09/2026 06:50
209d62dc-bb36-44b1-91e4-d9d035c6aa29,leaders.live,resell,,,high,low,7,"Sav.com, LLC - 29",21/08/2026 15:15,21/08/2027 15:15,30/09/2026 02:31
3555970c-6c26-4c5f-8c8b-780bd62b7f12,truncated.live,available,2.98,39.48,medium,low,9,namecheap,,,11/09/2026 20:42
857d9948-e924-4381-b4dd-0f999a674bdb,singers.live,premium,99.5,,medium,low,7,unstoppable,,,28/09/2026 23:28
56d89c25-b209-41c1-b570-1f7cac11f779,antido.live,available,3.49,32.99,medium,low,6,namesilo,,,19/09/2026 14:17
239fc6e5-dd66-44e7-b359-cd11562aeb0f,sinking.live,available,3.49,32.99,medium,low,7,namesilo,,,28/09/2026 06:45
2e9d1dd5-3353-466f-8ae3-63bdcf0bb278,marietta.live,premium,31.25,62.3,high,low,8,spaceship,,,28/09/2026 04:02
af5c95d8-fa4b-4bdb-b631-b654121f17c8,winona.live,premium,,,medium,low,6,,,,28/09/2026 22:06
3e586daa-7af0-4a28-99dd-9335d444eb41,cozily.live,available,2.98,39.48,medium,low,6,namecheap,,,14/09/2026 08:48
8ffcc51f-8536-48bb-9f88-cf520473e079,repressed.live,available,2.98,39.48,medium,low,9,namecheap,,,08/09/2026 14:49
092a1b7c-f6ee-459a-866f-45aceee0eafe,hackensack.live,premium,,,medium,low,10,,,,30/09/2026 05:39
f2d386a2-a177-4680-8cc4-24cd806eb85d,meddlesome.live,available,2.98,39.48,medium,low,10,namecheap,,,11/08/2026 11:23
cf3f98d4-f3ae-413a-b91e-af7c1dc09e8d,acousma.live,available,3.49,32.99,medium,low,7,namesilo,,,17/09/2026 02:29
c1ada052-2405-433f-a38a-d8313bb56482,hooper.live,premium,71.4,71.4,high,low,6,namesilo,,,29/09/2026 02:55
467d264e-c1ce-4aef-94a9-57b23a7d2189,rather.live,available,3.49,32.99,medium,low,6,namesilo,,,28/09/2026 15:59
9ea6c03d-0ce3-4557-8c05-b10d4efbcbfd,orpin.live,available,2.98,39.48,medium,low,5,namecheap,,,24/08/2026 08:00
f5e1a723-ea9c-49d1-92ea-819f9b0f89e5,ungrateful.live,available,2.98,39.48,medium,low,10,namecheap,,,11/09/2026 12:26
2013f759-b3dd-4110-a977-3b93418280e5,angulate.live,available,2.98,39.48,medium,low,8,namecheap,,,
82e2bcf8-0f37-4c9c-bcc3-1ae3fe84bced,arguing.live,available,2.98,39.48,high,low,7,namecheap,,,20/09/2026 04:50
ec5dd1bd-549d-4732-add6-715df1d5d7ce,adjectives.live,available,3.49,32.99,medium,low,10,namesilo,,,18/09/2026 16:11
22889f03-53e1-4a14-bd5f-60e69f4c25e9,cord.live,resell,,,high,low,4,"Sav.com, LLC - 20",13/02/2026 15:15,13/02/2027 15:15,29/09/2026 11:36
b38a22b3-275b-4a8a-aea6-cce51792487d,ingenuous.live,available,2.98,39.48,medium,low,9,namecheap,,,06/08/2026 23:41
7748449f-7ec1-4234-8482-5c82934c290a,competitors.live,available,3.49,32.99,medium,low,11,namesilo,,,29/09/2026 11:34
610b778e-06fc-4ccc-bd5d-4332cd36bfea,ritually.live,available,2.98,39.48,medium,low,8,namecheap,,,15/09/2026 23:55
a5267ac4-1d29-47c7-a1f3-9b92bf249395,stupidly.live,available,2.98,39.48,medium,low,8,namecheap,,,14/09/2026 13:43
46becc27-54ed-4696-94c6-29070fef3b35,finical.live,available,2.98,39.48,medium,low,7,namecheap,,,18/08/2026 04:56
91cdc698-d3e3-4db3-bc8b-b478d8f9f9df,weaker.live,available,3,,low,low,6,unstoppable,,,29/09/2026 05:14
83db3495-be43-4784-a98b-e81a3a0fd9e5,australasian.live,available,2.27,26.08,medium,low,12,spaceship,,,29/09/2026 03:04
894581dd-d416-432e-8305-dcc0dc74c5c7,loosen.live,available,2.27,26.08,high,low,6,spaceship,,,29/09/2026 20:44
6ad7689c-160f-4a77-a381-627e9e4421a1,elmira.live,premium,31.25,62.3,medium,low,6,spaceship,,,28/09/2026 16:42
b40144b1-e63d-4df1-9f89-079b50cf74cb,vomiting.live,available,3.49,32.99,medium,low,8,namesilo,,,29/09/2026 15:43
bd560e7d-404a-4e2a-bbd8-8c5b3bda1be2,inapt.live,available,2.98,39.48,medium,low,5,namecheap,,,21/08/2026 18:51
4966c66a-73b7-4d52-be24-85ee1f193461,paintpot.live,available,3.99,,medium,low,9,name.com,,,
43515226-bbb1-4183-9f0f-0441a1ffbc79,cipher.live,resell,,,high,low,6,Dynadot Inc,11/02/2026 17:00,11/02/2027 17:00,26/09/2026 04:56
1592a20b-1d87-4d0f-b5c9-2317e3b5d3c5,upmarket.live,available,2.98,39.48,high,low,8,namecheap,,,12/09/2026 23:13
2ea09a8c-0f19-4840-99b4-6626a54aef4b,aegir.live,available,2.98,39.48,medium,low,5,namecheap,,,14/08/2026 22:18
24c0dbc4-1dd4-468a-a203-cd2cc90b2f62,initiating.live,available,2.27,26.08,low,low,10,spaceship,,,30/09/2026 14:45
7bb3f6f1-7db9-4007-8c74-7a0432419e97,aerides.live,available,3.49,32.99,medium,low,7,namesilo,,,17/09/2026 12:51
a90444de-0a33-493e-b147-a52bc708ee29,degenerate.live,available,3.99,43.99,medium,low,10,name.com,,,13/08/2026 20:16
bf917749-27e9-479f-9ae5-ff63f6bf0157,rise.live,resell,,,high,medium,4,Alibaba Cloud Computing Ltd. d/b/a HiChina (www.net.cn),17/09/2020 02:56,17/09/2027 02:56,26/09/2026 08:41
eed689dc-4304-49f2-9267-e6ff6c7dfe05,stagnant.live,available,2.98,39.48,medium,low,8,namecheap,,,25/08/2026 06:25
83f51d81-7c7d-4d1a-9170-febcae9f82be,second.live,resell,,,high,low,6,"Xiamen ChinaSource Internet Service Co., Ltd",18/03/2024 15:15,18/03/2027 15:15,26/09/2026 08:53
6e0a7cf5-6fbc-4ef0-8a44-0d03f77d9d8f,arabian.live,resell,,,high,low,7,"Spaceship, Inc.",22/09/2025 19:53,22/09/2027 19:53,26/09/2026 03:57
65126c98-7844-4d15-bb0d-1c4028de8534,seizing.live,available,25.2,25.2,medium,low,7,cloudflare,,,30/09/2026 18:24
fae27ebb-e072-4f00-b1a0-66c8c90524ab,injectable.live,available,2.98,39.48,high,low,10,namecheap,,,22/08/2026 05:36
cba11c03-099f-46bf-82a8-aeada67ae784,undue.live,available,2.98,39.48,medium,low,5,namecheap,,,17/08/2026 16:19
35595060-13b5-47e3-a11b-5ef319c3f18f,indulgence.live,available,2.98,39.48,high,low,10,namecheap,,,05/09/2026 00:24
74556660-9bfc-4d58-9607-7b603b1891f5,smatter.live,available,3.49,32.99,medium,low,7,namesilo,,,24/09/2026 04:48
4e20ff53-56a3-4a36-8c3b-fa688984716c,png.live,premium,103.7,207.2,high,low,3,spaceship,,,30/09/2026 11:41
e2da48df-6b4c-4e16-8d19-965f2bd5b551,tensile.live,available,2.98,39.48,medium,low,7,namecheap,,,11/09/2026 11:30
62aa2f6d-3d15-4014-94a7-78e48c0e9b55,fascinated.live,available,3.49,32.99,high,low,10,namesilo,,,24/09/2026 17:12
5fcd25b8-b551-4a1b-b926-35b3beb0aa97,nigh.live,available,2.98,39.48,medium,low,4,namecheap,,,12/08/2026 12:04
875973bf-067b-4d01-a4f2-1da02b503eec,abm.live,premium,118.8,118.8,high,low,3,namesilo,,,16/09/2026 16:15
d7b968c9-346b-4119-8ce6-915dc826f6e1,amarelle.live,available,3.49,32.99,medium,low,8,namesilo,,,18/09/2026 15:55
fd71c8a0-51ea-444f-8d11-d5c7ddb604fe,bing.live,resell,,,high,medium,4,,,,30/09/2026 11:51
4307c4b3-c962-44d2-a38a-fdd415c9a8f7,doses.live,available,2.27,26.08,medium,low,5,spaceship,,,29/09/2026 17:50
448389a4-00af-4eec-8a55-d73722016fa6,babbitt.live,available,3.49,32.99,medium,low,7,namesilo,,,21/09/2026 12:17
d3ee9d21-7403-41d0-8f1f-a24946251d12,unnoticed.live,available,2.98,39.48,medium,low,9,namecheap,,,12/09/2026 16:02
f4867ce9-020b-4659-8a02-f243446e77d8,rattlesnake.live,available,2.27,26.08,high,low,11,spaceship,,,30/09/2026 03:33
95c2d105-41cc-4084-bd64-ccc1d1ec0f28,weeds.live,available,2.5,26.97,high,low,5,dynadot,,,29/09/2026 08:19
71bcfdff-fb0e-4b18-a403-647e2a08c914,elaine.live,premium,71.4,71.4,high,low,6,namesilo,,,25/09/2026 15:24
9db714cc-5ec3-434c-92f1-09cdf9afba01,commandant.live,available,3,,high,low,10,unstoppable,,,01/10/2026 01:32
45e61e88-efee-4f49-8cbf-944082e0fecd,placing.live,available,2.27,26.08,medium,low,7,spaceship,,,28/09/2026 21:04
236558a0-9de5-420a-a69c-4d5ba81c2fc4,evolutionary.live,resell,,,medium,low,12,,,,29/09/2026 10:23
e217ea58-e761-4be9-8d9d-b67a9e7aa968,rostock.live,premium,,,medium,low,7,,,,30/09/2026 18:34
b131f350-c459-40e9-920a-3c718402309b,oviedo.live,premium,31.25,62.3,medium,low,6,spaceship,,,30/09/2026 10:41
0433c730-4ea6-4933-a6c8-2f34f34f2104,aecium.live,available,3.49,32.99,medium,low,6,namesilo,,,17/09/2026 12:08
eb28d083-b6b6-47ea-9597-8f1b7eb51f94,heidegger.live,available,3,,medium,low,9,unstoppable,,,28/09/2026 19:25
a2101e12-a7ca-494d-bf41-b1ed34039720,victims.live,available,3.99,43.99,medium,low,7,name.com,,,18/09/2026 21:07
37734b4d-65f8-4978-bad4-fabe885f16d5,naught.live,available,2.98,39.48,medium,low,6,namecheap,,,03/09/2026 22:40
9ab4dd87-a3d7-4430-abc1-000d1eb47816,waxy.live,available,2.98,39.48,medium,low,4,namecheap,,,09/08/2026 14:13
3431342c-96ac-437c-a20c-95f5b04c6a0d,cretaceous.live,available,2.98,39.48,medium,low,10,namecheap,,,13/08/2026 06:22
f8bc6aa4-87c8-43cc-8341-240554dbbaf7,hatted.live,available,2.98,39.48,medium,low,6,namecheap,,,21/08/2026 01:22
0e1a19ee-fcf9-4701-95d9-f365f02a4dfb,belongs.live,available,2.98,39.48,medium,low,7,namecheap,,,25/09/2026 20:38
5f1d99e3-59ac-4c7c-8081-b2bca7c94b8d,donkeywork.live,available,2.98,39.48,medium,low,10,namecheap,,,08/09/2026 21:22
fb8ab966-5f6d-4064-9908-85f85865f598,anteater.live,available,2.98,39.48,high,low,8,namecheap,,,16/09/2026 13:25
81d2be6c-1035-4693-b1ad-fd0797fa5420,testicular.live,available,2.98,39.48,medium,low,10,namecheap,,,11/09/2026 12:06
f6457cc9-411f-4884-9ddc-8cad7cfd8b18,snuck.live,available,2.98,39.48,low,low,5,namecheap,,,20/09/2026 23:46
ffbf3e2d-bb76-4fb8-b63d-a315b899614d,lynne.live,premium,,,medium,low,5,,,,28/09/2026 08:09
d07ad93e-10f2-4204-a46f-ad4446d9c0f5,cryonic.live,available,2.98,39.48,medium,low,7,namecheap,,,13/08/2026 09:37
a3a90e7d-e002-4803-b1bd-5b03fe97c15e,suitably.live,available,2.98,39.48,medium,low,8,namecheap,,,13/09/2026 20:30
33e40ea1-330a-4f0a-ae0b-20a02e2d4949,scattering.live,available,2.98,39.48,high,low,10,namecheap,,,24/09/2026 22:59
02b3a114-cd1b-4ac8-8d8e-1ee60cd38ad5,legion.live,resell,,,high,low,6,"Chengdu West Dimension Digital Technology Co., Ltd.",18/09/2022 13:15,18/09/2027 13:15,26/09/2026 07:12
4df1b7ae-8755-4635-94a2-879b02680942,closest.live,available,2.27,26.08,medium,low,7,spaceship,,,28/09/2026 14:05
d43e5ce7-dc01-4d38-aabc-28eb9ff0828c,fracas.live,available,3.49,32.99,medium,low,6,namesilo,,,17/09/2026 14:44
8db3374d-0f1f-47fa-bb2f-841c9e0dd9b0,ambivalence.live,available,3.49,32.99,high,low,11,namesilo,,,
7ef0aa1a-0a03-4501-9109-b37cd802f869,marine.live,premium,242,242,high,low,6,namesilo,,,25/09/2026 16:45
185c3e49-8a2a-46d4-8e03-fe29a6e7f77d,spreads.live,available,3.49,32.99,medium,low,7,namesilo,,,29/09/2026 11:29
6b889733-7889-45b1-920a-e9b848e5f857,barstow.live,premium,75,75,medium,low,7,name.com,,,22/09/2026 08:54
19249d53-9f7f-48b3-b691-b2d658a15ddf,flippant.live,available,2.98,39.48,medium,low,8,namecheap,,,18/08/2026 08:32
c71ee05b-fb10-4f32-97e5-e6ecf9eb55fc,kid.live,premium,512,512,high,low,3,namesilo,,,25/09/2026 12:09
621e72ab-e4b3-42a9-bded-487a28742967,vaux.live,available,2.27,26.08,medium,low,4,spaceship,,,01/10/2026 01:15
1e077447-03f4-4880-ab2b-7ca906c600c5,descending.live,available,2.27,26.08,medium,low,10,spaceship,,,28/09/2026 21:15
65a28f22-dd66-4bee-97bb-e5069d6ae3bb,untired.live,available,2.98,39.48,medium,low,7,namecheap,,,12/09/2026 21:29
2aa40c2e-6208-458b-b5f6-2499c0ed4f82,profoundly.live,available,2.98,39.48,high,low,10,namecheap,,,14/09/2026 11:16
a716ec6f-2d3c-44ba-b83d-310723038fb0,crotch.live,available,3.49,32.99,medium,low,6,namesilo,,,24/09/2026 19:42
79faf206-56fd-41d0-a938-b0f2b5812852,trujillo.live,premium,,,medium,low,8,,,,28/09/2026 16:38
05f5f715-49a1-4e70-afd2-6ab7f79d20eb,latticed.live,available,2.98,39.48,medium,low,8,namecheap,,,22/08/2026 08:06
ebbc24fc-aa21-4099-9688-63f62aea9483,gassy.live,available,2.98,39.48,medium,low,5,namecheap,,,12/08/2026 16:36
090fc641-6931-4f7a-91eb-1674c82d1121,amendment.live,available,2.98,39.48,high,low,9,namecheap,,,18/09/2026 18:38
83d02c37-7b31-4b11-b91a-0c966b907458,macy.live,premium,60.5,,medium,low,4,unstoppable,,,28/09/2026 22:01
19f9004c-fe25-4db9-b156-b8dd4c091daa,greetings.live,resell,,,high,low,9,"GMO Internet Group, Inc. d/b/a Onamae.com",21/02/2026 14:02,21/02/2027 14:02,26/09/2026 06:30
0fa6af63-3427-43f2-9c50-c5783dcb4e7c,proposition.live,available,25.2,25.2,high,low,11,cloudflare,,,28/09/2026 03:24
ea09b8de-c674-4626-ba18-c695a97b9e1f,agenda.live,resell,,,high,low,6,"Sav.com, LLC - 20",13/09/2025 15:15,13/09/2027 15:15,26/09/2026 01:26
567be3e8-6a4c-4462-a7b7-c2b60762810e,prowlers.live,available,3.49,32.99,low,low,8,namesilo,,,20/09/2026 12:42
5f5671ad-cc19-4f7c-8ff6-dd1fc708fa8f,rigging.live,available,25.2,25.2,high,low,7,cloudflare,,,30/09/2026 18:31
c2ac1361-c23a-4cc4-9824-22231583b1c4,nonslip.live,available,2.98,39.48,medium,low,7,namecheap,,,03/09/2026 20:38
e7c41f5e-676e-4e35-9c0e-53b85a5ab832,guillaume.live,premium,31.25,62.3,medium,low,9,spaceship,,,28/09/2026 04:52
015b6778-bd54-4f92-aa37-1ddbdead5157,foretell.live,available,3.49,32.99,high,low,8,namesilo,,,21/09/2026 03:34
d1f4140a-d569-437a-a295-4301c185b007,formalise.live,available,2.98,39.48,high,low,9,namecheap,,,30/09/2026 19:59
ed8e22cc-5277-4656-b9f2-1d170a81a587,unbeaten.live,available,2.98,39.48,high,low,8,namecheap,,,12/09/2026 01:45
4d95cf59-4f7c-4266-9e9e-5bd270ac80c7,girlfriend.live,resell,,,high,low,10,GoDaddy Online Services Cayman Islands Ltd.,07/02/2016 12:53,07/02/2027 12:53,26/09/2026 06:23
628fa610-0e86-44d5-abb5-c6d0515044a2,counseled.live,available,3.49,32.99,medium,low,9,namesilo,,,20/09/2026 16:45
5a5d5b24-8b26-4e50-9f07-bf34e3e85c13,summertime.live,available,3.49,32.99,high,low,11,namesilo,,,18/09/2026 00:39
2ccf43d3-5fc2-4789-8b97-678a2274092b,uut.live,premium,118.8,118.8,medium,low,3,namesilo,,,20/09/2026 22:17
91b54c71-1ead-4521-9d68-48c5148add0b,guantanamo.live,premium,71.4,71.4,medium,low,10,namesilo,,,28/09/2026 09:58
3e828998-31a2-4845-8ebb-912070cc6fd2,chunky.live,available,2.98,39.48,high,low,6,namecheap,,,12/08/2026 07:44
14db67fd-36e4-4712-859c-0da2e50fd016,oxalis.live,available,2.98,39.48,medium,low,6,namecheap,,,10/09/2026 14:35
144ab410-c46f-4a88-9944-b1ae0ef30d67,stereo.live,resell,,,high,low,6,Unstoppable Domains Inc,29/05/2020 16:50,29/05/2027 16:50,26/09/2026 09:18
7c5a3e01-1272-4c9f-94a7-bb01e99d34d4,devolve.live,available,2.98,39.48,medium,low,7,namecheap,,,13/08/2026 23:59
d75a58b0-0026-4f78-a0c4-48cb0c826f41,flavorful.live,available,2.98,39.48,high,low,9,namecheap,,,18/08/2026 07:04
3fe36195-28d6-46c2-b261-8b38c988967c,drily.live,available,2.98,39.48,low,low,5,namecheap,,,14/09/2026 14:23
f40d584b-dcdf-4da5-aa7c-8167c3f997ac,atc.live,premium,512,512,high,low,3,namesilo,,,27/09/2026 07:00
257ce32b-237e-4a13-8359-a281de8d7f44,graciously.live,available,2.98,39.48,high,low,10,namecheap,,,14/09/2026 21:58
32b59493-e9f7-4c22-b1c1-66b57dce75a2,director.live,resell,,,high,low,8,"Sav.com, LLC - 45",26/03/2026 15:15,26/03/2027 15:15,29/09/2026 10:50
02254ff5-e1f5-49dd-81eb-4d27b668a582,maintaining.live,available,3.49,32.99,high,low,11,namesilo,,,29/09/2026 10:51
23d5c70c-323a-4732-9b56-3c01465ce434,abusive.live,available,2.98,39.48,medium,low,7,namecheap,,,
b6309f78-c177-41b0-9e71-0d7708e49317,ardeb.live,available,3.49,32.99,medium,low,5,namesilo,,,20/09/2026 03:06
85f32c4b-9931-4a21-8690-23a8aff874ee,homotopy.live,available,2.5,26.97,medium,low,8,dynadot,,,01/10/2026 01:08
50f70020-eef2-4273-8761-d0565481d7c2,weaving.live,premium,60.5,,high,low,7,unstoppable,,,29/09/2026 14:07
3cb13c75-2265-4fcb-a737-991bc866f05d,alveolus.live,available,3.49,32.99,medium,low,8,namesilo,,,17/09/2026 22:03
f73a1a7e-071d-4ec9-a571-cb8e54d23568,luggage.live,resell,,,high,low,7,"Sav.com, LLC - 11",19/03/2026 15:16,19/03/2027 15:16,29/09/2026 00:30
65646eb5-3c8d-464c-a6df-7e24de350707,nostril.live,available,3.49,32.99,medium,low,7,namesilo,,,19/09/2026 12:54
ce06d35c-1060-4f46-9e04-0beb7f32ea95,bottom.live,available,2.98,39.48,medium,low,6,namecheap,,,09/08/2026 11:50
5c4dd410-9978-4d24-b285-6e7187d7e947,multimedia.live,premium,51.43,102.67,high,low,10,spaceship,,,30/09/2026 02:20
899d3686-3f08-4d1f-a140-cf048270b49f,weedless.live,available,2.98,39.48,medium,low,8,namecheap,,,13/09/2026 10:00
c9ebeb7f-8903-42f0-97a4-77775aeb996c,passenger.live,resell,,,high,low,9,,,,27/09/2026 04:56
6bb460de-8940-4f69-8e2d-659fd119f6ed,bicycles.live,premium,118.8,118.8,medium,low,8,namesilo,,,18/09/2026 23:48
d680c4a3-df26-4f6a-ade3-7fceb0d77da9,barbecue.live,resell,,,high,low,8,"GoDaddy.com, LLC",09/06/2021 16:30,09/06/2027 16:30,29/09/2026 01:06
275250ca-7823-423e-a336-78ed06c64ecb,northerner.live,available,2.98,39.48,medium,low,10,namecheap,,,13/09/2026 14:16
f4a87e3a-4088-4e5b-9508-27106cf32b36,viewable.live,available,2.98,39.48,high,low,8,namecheap,,,13/09/2026 05:37
398cf592-6802-4f6d-ae1b-63dd2f191713,frizzy.live,available,2.98,39.48,medium,low,6,namecheap,,,18/08/2026 16:08
a2321447-5302-486a-afc5-3d8be755de38,ooh.live,premium,118.8,118.8,high,low,3,namesilo,,,30/09/2026 11:21
0788d0dd-7b84-4ccd-83c3-603f723d8085,akha.live,available,3.49,32.99,medium,low,4,namesilo,,,17/09/2026 23:55
fd12de5a-0198-44e9-89c2-6d2601e3f45e,balker.live,available,3.49,32.99,medium,low,6,namesilo,,,24/09/2026 08:24
aecb0ecc-3d0c-477e-8775-b80945b3a713,platoon.live,available,3.49,32.99,high,low,7,namesilo,,,27/09/2026 15:14
a2cc1c1c-d4fc-4c75-929a-7a6d98e4fb31,cecilia.live,premium,123.75,123.75,medium,low,7,name.com,,,26/09/2026 03:37
ecf4707e-a6df-4040-908c-e66b142fe33c,vulcan.live,resell,,,high,low,6,,,,29/09/2026 20:36
b8746a4f-bc73-4c41-a734-6772e553af17,fatigue.live,available,3.49,32.99,high,low,7,namesilo,,,25/09/2026 11:36
1b320797-325b-467e-9d9c-517b32a84ba2,gregg.live,premium,42,84,high,low,5,namecheap,,,
497cf468-78fa-4d09-925f-c99a7af4902f,quadrangle.live,available,2.98,39.48,medium,low,10,namecheap,,,09/09/2026 07:22
941e5ae2-2437-47c6-9a2c-e052678175e0,parsimony.live,available,2.98,39.48,medium,low,9,namecheap,,,08/09/2026 14:39
f3f54190-d51b-47a9-b72a-80e8dea88505,aquifer.live,available,2.98,39.48,medium,low,7,namecheap,,,19/09/2026 23:11
f8de789f-cb88-4f50-8731-e56b29a8eae3,liable.live,available,2.5,26.97,high,low,6,dynadot,,,01/10/2026 02:02
bb1cdca8-08bc-47fe-bcbf-9ca9b4513d86,ogden.live,premium,64.35,128.7,medium,low,5,namecheap,,,25/09/2026 03:51
9f87fe44-f459-4a99-8660-3b7e9b46c66b,dissimilar.live,available,2.98,39.48,medium,low,10,namecheap,,,14/08/2026 12:48
704eeb25-4ebd-4d3c-a83d-43f326aac3a1,norse.live,resell,,,high,low,5,"Sav.com, LLC - 19",21/04/2026 15:15,21/04/2027 15:15,26/09/2026 07:48
628a2f09-86be-4d37-9537-f2b502f88da4,gibber.live,available,2.98,39.48,medium,low,6,namecheap,,,23/09/2026 23:36
f70afafa-6b23-43a1-990b-6156f9da6222,podgy.live,available,2.98,39.48,low,low,5,namecheap,,,08/09/2026 22:22
23e074df-f37f-4fdc-9f58-6fbab7536ed6,anomy.live,available,3.49,32.99,medium,low,5,namesilo,,,19/09/2026 11:32
5e1bdd5a-3e88-4eca-9960-b64cd83d155f,trier.live,premium,71.4,71.4,medium,low,5,namesilo,,,21/09/2026 01:21
c02f18a2-cfe8-45f8-9ce8-7fd7ace25fb4,behaved.live,available,2.98,39.48,medium,low,7,namecheap,,,30/09/2026 05:57
565247c0-34a0-4e20-9183-b31fdb872ec5,impressive.live,resell,,,high,low,10,"Sav.com, LLC",08/05/2026 03:19,08/05/2027 03:19,26/09/2026 06:49
46d6e1aa-046d-4987-9d90-514692fc58d1,alerting.live,available,3.49,32.99,high,low,8,namesilo,,,18/09/2026 05:27
8dcce274-aca9-4583-966c-9bf693f24ec8,beloved.live,resell,,,high,low,7,"Sav.com, LLC - 12",04/09/2026 15:16,04/09/2027 15:16,26/09/2026 04:21
960a97ea-189c-4cd7-9cd4-c4494c32d134,pertinence.live,available,3.49,32.99,medium,low,10,namesilo,,,19/09/2026 21:52
2a9f01e5-7629-4742-ab9d-1bc3a809b419,squandered.live,available,2.98,39.48,medium,low,10,namecheap,,,10/09/2026 17:24
e0c6cb6e-7329-4e65-a119-8176fbed7602,avignon.live,available,2.98,39.48,medium,low,7,namecheap,,,21/09/2026 09:35
145b0a00-b971-4538-97a2-1e60eb9887a9,squatty.live,available,2.98,39.48,medium,low,7,namecheap,,,24/08/2026 10:38
d6659ce0-6eda-43b1-bea2-700fc7463a69,ugandan.live,available,2.98,39.48,medium,low,7,namecheap,,,11/09/2026 22:40
0750b366-1c6b-4e00-bb2b-e54ba31a1d37,pick.live,resell,,,high,low,4,"Chengdu West Dimension Digital Technology Co., Ltd.",13/01/2017 23:46,13/01/2027 23:46,26/09/2026 08:09
5a855d9c-064f-4d65-a035-aaa32362cb78,shrinking.live,available,2.98,39.48,medium,low,9,namecheap,,,29/09/2026 13:58
f2aa3db5-2dda-4f94-ad10-82db91db53b4,measuring.live,available,2.5,26.97,high,low,9,dynadot,,,30/09/2026 04:12
164d5cb8-8af0-4dff-8eab-ee32f8b0052e,turnbull.live,available,3,,medium,low,8,unstoppable,,,28/09/2026 08:25
9508a3b9-4dc3-4b34-9c7a-0da4f72269d9,bicycling.live,premium,118.8,118.8,high,low,9,namesilo,,,23/09/2026 13:28
39c38c80-8437-4f9b-8a20-1563da3ddbb1,thackeray.live,available,3.49,32.99,medium,low,9,namesilo,,,29/09/2026 14:03
a2401e06-c0e4-4eb3-b2b7-c3ead79e2ecb,blessedly.live,available,2.98,39.48,medium,low,9,namecheap,,,14/09/2026 00:19
2433961a-55ac-46c2-8815-a2e3959a706a,unlearned.live,available,2.98,39.48,medium,low,9,namecheap,,,21/08/2026 18:31
ed1a9729-e378-41e1-a9a6-0f9d11d05cd5,ptsd.live,available,3.49,32.99,medium,low,4,namesilo,,,28/09/2026 10:45
ac0fb076-faf7-4516-b1d7-87cbca813a24,tha.live,premium,242,242,medium,low,3,namesilo,,,27/09/2026 06:52
c457f8a6-be85-4bcd-b537-61ab9ed18955,felicity.live,premium,109.53,218.86,high,low,8,porkbun,,,29/09/2026 12:15
81cc30fd-b039-4a33-b95a-4947493ccd56,richness.live,available,3.49,32.99,high,low,8,namesilo,,,17/09/2026 14:41
cf80cb0c-2be0-4006-a3e2-00f9f8fe84af,cabin.live,resell,,,high,low,5,Squarespace Domains II LLC,22/03/2023 15:15,22/03/2027 15:15,26/09/2026 04:42
33e1e0be-322e-4250-a675-68d068f92cb3,unkind.live,available,2.98,39.48,medium,low,6,namecheap,,,12/09/2026 14:11
6d06bd02-3402-4230-85df-3748fe00fa12,monacan.live,available,2.98,39.48,medium,low,7,namecheap,,,25/08/2026 04:01
f43e4c87-1d27-4e17-bf86-22e571ab8145,brusk.live,available,2.98,39.48,medium,low,5,namecheap,,,11/08/2026 07:03
1744183c-0a1c-43af-ab3c-9ca41563b0f4,steadied.live,available,2.98,39.48,medium,low,8,namecheap,,,10/09/2026 19:30
f52a3466-7e42-4f03-84b7-0078ccfa113f,patron.live,resell,,,high,low,6,,,,28/09/2026 14:14
aa5063d3-9bd9-4481-8af1-1a799860d502,consent.live,resell,,,high,low,7,"Sav.com, LLC - 34",20/06/2026 15:15,20/06/2027 15:15,26/09/2026 05:12
8463265c-f5e1-44ea-ad5b-4363c26a60be,kinshasa.live,premium,31.25,62.3,high,low,8,spaceship,,,01/10/2026 02:48
8cb53b7e-b4d1-4dcc-8290-1485cd1ac0e4,misconduct.live,available,3.49,32.99,medium,low,10,namesilo,,,17/09/2026 05:28
c5f153c4-ddf9-4f26-b749-594883605fab,pablo.live,premium,66,66,high,low,5,dynadot,,,28/09/2026 11:58
76ddd9bd-4835-434a-835e-26a2517386ad,rhone.live,available,2.57,26.26,high,low,5,porkbun,,,30/09/2026 18:30
2e32589b-6cfd-415d-9405-680a6920c466,decayable.live,available,2.98,39.48,low,low,9,namecheap,,,13/08/2026 20:54
958a6f1b-ad42-4922-a993-d9f5a1df64e3,submerged.live,available,2.98,39.48,medium,low,9,namecheap,,,10/09/2026 23:30
36740a28-d3fd-4a6a-81a5-390cbd26f660,proverbial.live,available,2.98,39.48,high,low,10,namecheap,,,09/09/2026 04:32
1aa6b52f-0b31-4955-8481-695ca54fc422,xii.live,premium,118.8,118.8,high,low,3,namesilo,,,21/09/2026 11:25
b391a750-ab24-4993-ae9f-89524fdbe124,applewood.live,available,3.49,32.99,medium,low,9,namesilo,,,19/09/2026 21:44
4cb186f9-9221-442e-8acc-a6fa1dd65040,veterinary.live,resell,,,high,low,10,"Spaceship, Inc.",21/12/2025 19:25,21/12/2026 19:25,26/09/2026 09:58
c65b5e7e-106f-4bd5-8529-ca7d8a3b4a0b,tipping.live,available,2.57,26.26,medium,low,7,porkbun,,,29/09/2026 23:33
6cdcce96-4750-451a-a371-de99946f0757,conventional.live,available,3,,medium,low,12,unstoppable,,,28/09/2026 11:12
f76a9038-8ee2-45b6-b44a-ba5fb3584e9a,occurred.live,available,3.49,32.99,medium,low,8,namesilo,,,18/09/2026 13:50
3cdc61d5-18eb-4239-81af-3de53c029c85,chunks.live,available,3.49,32.99,medium,low,6,namesilo,,,18/09/2026 14:56
377289cf-ef66-4ab7-b469-39cef5484a5a,premolar.live,available,2.98,39.48,high,low,8,namecheap,,,09/08/2026 19:46
f256982c-776f-4c42-9f21-ee14cdb57d41,bailment.live,available,2.98,39.48,medium,low,8,namecheap,,,21/09/2026 19:09
abc665b2-ae55-4d62-be89-ad3575c52e15,wide.live,resell,,,high,low,4,"Sav.com, LLC - 14",05/06/2026 15:16,05/06/2027 15:16,28/09/2026 16:18
2af81114-9af7-4d63-b26f-f892a48c39d2,relation.live,resell,,,high,low,8,"Spaceship, Inc.",05/04/2026 20:13,05/04/2027 20:13,27/09/2026 11:47
310d16d2-3bbf-468a-bcbd-643603b1221a,feel.live,resell,,,high,low,4,"Global Domains International, Inc. DBA DomainCostClub.com",27/01/2026 15:16,27/01/2027 15:16,29/09/2026 19:07
e4cc670f-2377-4a30-a030-ad7855e2237e,believed.live,available,3.49,32.99,medium,low,8,namesilo,,,17/09/2026 00:11
630b44e1-f3f5-48d7-9860-12b8a2277ae3,weepy.live,available,2.98,39.48,medium,low,5,namecheap,,,13/09/2026 10:06
58c647c1-f73b-498a-ae19-6826d4bed03b,asat.live,available,,,medium,low,4,,,,
0376bf51-418b-4afc-a5c9-7fc7f0824905,ronan.live,premium,39,78,medium,low,5,namecheap,,,30/09/2026 13:22
9b61d1a7-137c-4c27-8d7d-5f8518f0890f,plantal.live,available,2.98,39.48,medium,low,7,namecheap,,,08/09/2026 20:48
0f178801-7d92-49e0-9fdb-55bd7b2513a9,paternal.live,available,2.98,39.48,high,low,8,namecheap,,,
d2362576-cbb9-493a-a97a-bf688821a930,voluntary.live,available,2.98,39.48,high,low,9,namecheap,,,13/09/2026 07:07
77dcb885-acaa-419f-9f07-cb13bba043db,skinless.live,available,2.98,39.48,medium,low,8,namecheap,,,10/09/2026 09:42
a259d13d-ffc7-4067-8381-79d43c3d9281,wanton.live,available,2.98,39.48,medium,low,6,namecheap,,,25/08/2026 07:57
f18bf003-4174-4b9c-97b2-9100ccb0cfd6,prestigious.live,available,25.2,25.2,high,low,11,cloudflare,,,29/09/2026 08:35
19292941-4774-482a-9f59-05b85dbdafb9,secrecy.live,available,3.49,32.99,high,low,7,namesilo,,,24/09/2026 17:03
575de6c7-b4fe-48a7-bdcd-793a139a3510,skip.live,resell,,,high,low,4,"Sav.com, LLC - 35",04/07/2026 15:15,04/07/2027 15:15,26/09/2026 09:03
16829e79-89c1-461c-8f1c-cedc3f6956da,disjunct.live,available,2.98,39.48,medium,low,8,namecheap,,,14/08/2026 11:25
6570ab39-fecb-4389-9448-317826303d6f,develops.live,available,2.5,26.97,medium,low,8,dynadot,,,30/09/2026 00:25
675de787-0ae8-4a61-b516-100804e7e01b,spiny.live,available,2.98,39.48,medium,low,5,namecheap,,,08/08/2026 17:49
b3e569c2-ac05-4613-b734-b329f57202c9,insisted.live,available,3.99,43.99,medium,low,8,name.com,,,27/09/2026 23:35
36128cb4-2481-47ba-9878-42159dd76608,quieter.live,available,3.49,32.99,high,low,7,namesilo,,,
f952d688-4ab1-46ed-8aa2-1ad6acecb622,batrachian.live,available,2.98,39.48,low,low,10,namecheap,,,05/08/2026 20:53
9c672f6d-0882-40b0-b475-b44ca737c999,ixl.live,premium,64.35,128.7,medium,low,3,namecheap,,,
3cf01faa-5f30-4d9e-b333-4ae35275700f,whyte.live,available,2.27,26.08,high,low,5,spaceship,,,29/09/2026 10:00
14fb6ebe-5017-41d9-9925-e54764526233,alerted.live,available,2.5,26.97,high,low,7,dynadot,,,30/09/2026 04:16
6ecf3bfe-2093-4e87-9425-84a9d22d03c0,appalled.live,available,2.98,39.48,medium,low,8,namecheap,,,
a0315ec7-7ee5-4605-a398-900c70b288a7,caa.live,premium,99.5,,high,low,3,unstoppable,,,28/09/2026 03:29
70b660a6-1462-4677-b921-2c1f97729c3e,baas.live,resell,,,high,low,4,"Sav.com, LLC",14/09/2026 20:43,14/09/2027 20:43,26/09/2026 04:11
f0aa7ec2-bc99-4f26-a7fb-dc55047a82ee,fukuoka.live,premium,31.25,62.3,high,low,7,spaceship,,,29/09/2026 12:24
fd6d47c8-397c-456b-949d-a8100e9f8811,bilocation.live,available,3.49,32.99,medium,low,10,namesilo,,,23/09/2026 16:51
74d83e41-fd63-4ec3-889f-3f618bc0a8a1,abkhazian.live,available,2.98,39.48,medium,low,9,namecheap,,,
c57f8f5f-834d-455a-80fc-97e4aa63d97a,caucasian.live,available,2.98,39.48,high,low,9,namecheap,,,11/08/2026 22:16
cf2b8f60-bf5f-416e-b625-02b8bf7da19b,rosa.live,premium,118.8,118.8,high,low,4,namesilo,,,28/09/2026 05:49
5eff433c-f861-48d8-9f14-0e0f92f343bd,profiled.live,available,3.49,32.99,medium,low,8,namesilo,,,21/09/2026 10:04
03303896-2664-40a9-b1a7-ffe227e1d297,lowered.live,available,2.98,39.48,medium,low,7,namecheap,,,25/09/2026 15:26
a068bdc6-4323-4762-aab5-885512ca7f42,chairperson.live,available,3.49,32.99,high,low,11,namesilo,,,
1098ba79-6646-4875-97bc-95416878e337,beautifully.live,available,3.49,32.99,high,low,11,namesilo,,,
7a113207-5861-440a-b536-a8c3188265da,awful.live,resell,,,high,low,5,"GoDaddy.com, LLC",08/04/2021 12:49,08/04/2027 12:49,26/09/2026 04:11
1d77a206-df63-482b-bc16-c095392b980a,fabricated.live,available,2.98,39.48,medium,low,10,namecheap,,,17/08/2026 20:15
e13349b9-1ebb-4935-a25e-4b16e7e2a37d,combine.live,resell,,,high,low,7,,,,28/09/2026 13:39
d0bbb8f9-70df-485e-8649-67a368758a54,meat.live,premium,130,260,high,low,4,namecheap,,,14/09/2026 23:51
f1ea081e-8866-47da-901e-b9d01f8a2e95,fha.live,premium,51.43,102.67,medium,low,3,spaceship,,,30/09/2026 17:17
3dddee32-de4b-4c07-86ae-4044fff3a575,socialised.live,available,2.98,39.48,medium,low,10,namecheap,,,10/09/2026 13:14
cc40b9b9-9252-46a7-a1c9-0ecfdf321427,emollient.live,available,2.98,39.48,medium,low,9,namecheap,,,14/08/2026 01:39
1dc97384-8cf7-406a-a8db-3e77de79fc50,effects.live,resell,,,high,low,7,,,,27/09/2026 03:49
e18e02f8-968a-4994-8eca-4f985708b74f,similitude.live,available,3.49,32.99,medium,low,10,namesilo,,,18/09/2026 07:51
22e9fbfb-f087-4305-b17a-e5470a938fc7,drool.live,available,2.98,39.48,medium,low,5,namecheap,,,21/09/2026 23:48
671c4188-7159-4fc2-8870-0d80c9492d21,disuse.live,available,3.49,32.99,medium,low,6,namesilo,,,24/09/2026 23:14
bf0d28cc-2240-4941-b9af-a1ecba2dea4e,sore.live,available,2.98,39.48,high,low,4,namecheap,,,
2e10047b-8087-4e12-b08b-f7681aca98af,arrester.live,available,3.49,32.99,medium,low,8,namesilo,,,20/09/2026 09:09
76dd37a1-0d45-4dbd-a2a8-8357818805ac,mama.live,premium,242,242,high,low,4,namesilo,,,28/09/2026 06:17
527912c7-bbef-4051-b57f-d6f6e29bcdf0,resinlike.live,available,2.98,39.48,medium,low,9,namecheap,,,09/09/2026 15:11
3f84286e-b328-41f3-ab89-695728959505,segmented.live,available,2.98,39.48,medium,low,9,namecheap,,,24/08/2026 21:43
234eb260-9a3a-4577-b39c-f29797493e08,distal.live,available,2.98,39.48,medium,low,6,namecheap,,,14/08/2026 13:03
82dc9b30-2aaa-45af-a26b-857d4d291b54,beekeeper.live,premium,71.4,71.4,high,low,9,namesilo,,,19/09/2026 17:19
707303a0-da27-4bdd-8300-3f967e04c53a,portrayal.live,available,3.49,32.99,high,low,9,namesilo,,,01/10/2026 01:43
1b73cbc1-6e35-4333-862e-1b648708eed8,forested.live,available,2.98,39.48,medium,low,8,namecheap,,,18/08/2026 11:43
11f08b66-718b-46a8-b8b5-f9ee2276b989,gills.live,available,2.27,26.08,medium,low,5,spaceship,,,30/09/2026 14:13
bb70436a-6062-4bb9-b02e-de7569365727,mahayana.live,available,3,,medium,low,8,unstoppable,,,01/10/2026 02:57
f673b6c3-ce1b-4d6c-bd82-0451a4d84522,dangers.live,available,2.98,39.48,medium,low,7,namecheap,,,18/09/2026 04:42
728131bb-dbb1-4afb-8a82-c354e10e9a6f,liked.live,available,3.49,32.99,high,low,5,namesilo,,,25/09/2026 13:43
4926f8b5-435c-4bbc-842f-0c07c1ef36e5,bambusa.live,available,3.49,32.99,medium,low,7,namesilo,,,22/09/2026 00:41
5252d97d-de53-49f3-a222-6c2bcf509ab5,practicality.live,available,3.49,32.99,high,low,12,namesilo,,,16/09/2026 09:33
92a176f5-d1d8-468c-af77-854f82819ca5,exploring.live,premium,51.43,102.67,high,low,9,spaceship,,,28/09/2026 15:59
ea70acc6-b51f-4114-9ab1-5de5df4e8e29,nonstick.live,available,2.98,39.48,medium,low,8,namecheap,,,03/09/2026 20:45
90a5325a-2de8-4e28-9577-3b8de26a3389,westward.live,available,2.98,39.48,medium,low,8,namecheap,,,13/09/2026 10:55
a46d523e-047d-46bf-b67e-ac080d1f4463,perishable.live,available,2.98,39.48,high,low,10,namecheap,,,08/09/2026 17:18
f21ac4a7-0c6b-4e4b-a2f3-e153681cd8d1,starless.live,available,2.98,39.48,medium,low,8,namecheap,,,10/09/2026 18:52
52d58bb8-c5a9-4fe9-a675-b6badef54bf6,harare.live,premium,71.4,71.4,medium,low,6,namesilo,,,24/09/2026 12:36
789cdb93-c990-469a-8525-eb33c664d6c2,distances.live,available,2.27,26.08,low,low,9,spaceship,,,30/09/2026 15:36
a38579de-4e64-4fe1-aa92-6de529ce8307,hana.live,resell,,,high,low,4,,,,29/09/2026 22:11
21ac9108-de6a-4e93-af2e-bd94cc1bfe66,founders.live,premium,,,high,low,8,,,,01/10/2026 00:45
619bbd16-10e4-4d28-80fe-aa23b16a2df5,anytime.live,resell,,,high,low,7,Realtime Register B.V.,24/01/2024 15:15,24/01/2028 15:15,01/10/2026 04:34
56a4b0c1-0762-4eb4-ac18-82830bb74f95,favorable.live,available,3.49,32.99,high,low,9,namesilo,,,24/09/2026 17:21
aa19812c-4f09-4047-8a96-0fed9d1a8050,methodology.live,available,3.49,32.99,high,low,11,namesilo,,,30/09/2026 06:02
356e1ece-39cc-4685-9666-f0af7080c582,mozambican.live,available,2.98,39.48,medium,low,10,namecheap,,,25/08/2026 09:16
95dc4490-5040-400e-a499-3aaeebc0e857,maid.live,resell,,,high,low,4,"Sav.com, LLC - 3",16/06/2026 15:16,16/06/2027 15:16,26/09/2026 07:23
72a0239f-a994-497f-895c-1d5f2002fc6c,frying.live,available,3.49,32.99,high,low,6,namesilo,,,30/09/2026 09:52
cf630b10-5306-4f7e-a3f0-4099d06bab95,decorated.live,available,2.98,39.48,high,low,9,namecheap,,,21/09/2026 19:45
4474644a-0be8-47c8-99d5-bc5cdadb5689,cannoneer.live,available,3.49,32.99,medium,low,9,namesilo,,,20/09/2026 11:44
a4fb3949-77e5-41c9-a2d2-2713ed73e549,centre.live,resell,,,high,low,6,Squarespace Domains II LLC,20/05/2020 18:28,20/05/2027 18:28,26/09/2026 04:50
99d43077-eee8-49ad-958a-8efaba49f002,freestyle.live,premium,,,high,low,9,,,,30/09/2026 17:23
4b65ede0-13b4-4065-bbbc-2ec1f5ad55a0,neill.live,available,3,,medium,low,5,unstoppable,,,28/09/2026 23:29
a4abe9c3-cd6c-420e-8e05-9e554ce9963b,task.live,premium,,,high,low,4,Porkbun LLC,25/02/2021 00:19,25/02/2027 00:19,30/09/2026 05:01
75dfb127-18b9-49ce-be60-94eba7e12a47,instant.live,resell,,,high,medium,7,"Spaceship, Inc.",30/05/2026 17:51,30/05/2027 17:51,26/09/2026 06:54
0583a769-0b49-4287-9592-97e9648bc4b7,penile.live,available,2.98,39.48,medium,low,6,namecheap,,,08/09/2026 14:21
82dc4d4b-a605-409c-a48f-61b8a7d8e85d,quotation.live,available,3.49,32.99,high,low,9,namesilo,,,01/10/2026 01:28
f1692439-9d8e-4bbc-bfb9-ef881cd596b8,pianos.live,premium,118.8,118.8,medium,low,6,namesilo,,,20/09/2026 09:12
b53e96a4-caf8-47b8-9d89-63da0cda2350,sybarite.live,available,2.98,39.48,medium,low,8,namecheap,,,13/09/2026 07:15
8dcadcf6-28b8-41be-bba1-4cf2fb25852a,adverb.live,available,2.98,39.48,high,low,6,namecheap,,,17/09/2026 10:43
7973d1fb-451d-44c1-941a-c1f0c8f88cb3,waverley.live,available,2.27,26.08,medium,low,8,spaceship,,,29/09/2026 09:35
cd12d638-760f-478f-80f3-746752d2f087,precautions.live,available,3.49,32.99,medium,low,11,namesilo,,,18/09/2026 09:01
b2fa97be-8814-4bce-8ed0-e8c83eaf0a67,wary.live,available,2.98,39.48,medium,low,4,namecheap,,,22/08/2026 22:32
774e8318-e2ab-4ecc-befa-948534261d39,anorexia.live,available,3.49,32.99,medium,low,8,namesilo,,,19/09/2026 11:46
34146a86-e803-49b6-b876-3ec41d76a710,suety.live,available,2.98,39.48,low,low,5,namecheap,,,11/09/2026 01:08
bef09c58-e3a0-475e-9405-8913375024cd,obdurate.live,available,2.98,39.48,medium,low,8,namecheap,,,13/08/2026 12:15
e4b453b1-8c9b-4a41-8cc6-ed231e18d61d,anymore.live,available,3.49,32.99,medium,low,7,namesilo,,,28/09/2026 12:15
2393441d-f2f6-47bf-83f7-8134885ebf20,ptc.live,premium,51.43,102.67,high,low,3,spaceship,,,01/10/2026 04:36
91186b9a-49d6-42af-b2d3-7d398210854e,atavistic.live,available,2.98,39.48,low,low,9,namecheap,,,07/08/2026 12:55
6b8c5fe5-9daf-4e70-83fd-0cf845a6afd3,august.live,premium,118.8,118.8,high,low,6,namesilo,,,22/09/2026 12:44
11b6624b-49af-4c48-8453-80847cf255b1,foreigner.live,available,2.98,39.48,high,low,9,namecheap,,,
b978d956-38c1-4bb2-96aa-a9720dccb680,nocent.live,available,2.98,39.48,medium,low,6,namecheap,,,03/09/2026 18:02
f4ca6684-ce2b-4305-a82a-0705e42678d6,accessary.live,available,2.98,39.48,medium,low,9,namecheap,,,
43777b4d-c4e5-4563-93dd-ebf08e9eaef2,equally.live,available,3.49,32.99,medium,low,7,namesilo,,,28/09/2026 12:20
8afdcbeb-1880-4050-b32b-60f000769d12,because.live,premium,39,78,high,low,7,namecheap,,,30/09/2026 21:38
5a1a57eb-711e-4db0-ad1f-d2695c339d34,gooney.live,available,3.49,32.99,medium,low,6,namesilo,,,23/09/2026 23:44
d20c2b14-7624-4b6e-8726-cc5542d713c3,araroba.live,available,3.49,32.99,medium,low,7,namesilo,,,20/09/2026 00:14
bd213ffb-4290-45d2-9637-571eab8a30e9,epileptic.live,available,2.98,39.48,medium,low,9,namecheap,,,17/08/2026 10:58
7eb5eb82-6900-478d-8376-dbdc072c0c53,acquiring.live,available,2.98,39.48,high,low,9,namecheap,,,17/09/2026 02:42
360db6ee-2477-4f1f-bc64-56f736d964f7,sub.live,premium,207.2,414.2,high,low,3,spaceship,,,28/09/2026 01:46
6e2be599-fc89-4474-b5b7-320468d9a2cd,spiral.live,resell,,,high,low,6,"Global Domains International, Inc. DBA DomainCostClub.com",01/01/2026 15:15,01/01/2027 15:15,26/09/2026 09:13
5dd07354-8071-4e85-8893-40c6277a88d0,iii.live,premium,130,260,high,low,3,namecheap,,,
875e2d14-6fef-4a5b-99dc-bf16fe956780,agaricus.live,available,2.98,39.48,medium,low,8,namecheap,,,17/09/2026 16:23
ecf8e20c-1b59-496d-a728-62f3fa468288,rotten.live,available,3.49,32.99,high,low,6,namesilo,,,24/09/2026 01:35
dd568f66-57c9-4501-bb6e-1ef0d1422348,sti.live,premium,99.5,,high,low,3,unstoppable,,,30/09/2026 19:35
7fb6c4e0-9a04-4a09-9cb5-04c1d512678d,chiseled.live,available,2.98,39.48,medium,low,8,namecheap,,,12/08/2026 06:05
06c64dc6-47d0-4e23-adbc-010c508250c5,linelike.live,available,2.98,39.48,medium,low,8,namecheap,,,23/08/2026 15:03
79bb75b6-22e7-4bd4-a525-12aac38d5433,days.live,resell,,,high,low,4,Squarespace Domains II LLC,29/10/2015 12:45,29/10/2027 12:45,29/09/2026 13:20
7f024a4a-b5b9-47ae-a5d0-31bac27c3707,scottish.live,premium,39,78,high,low,8,namecheap,,,09/09/2026 23:35
7c6d6a28-6332-4749-a59d-31a1a128f1e6,categorical.live,available,3.49,32.99,medium,low,11,namesilo,,,
58c9ac52-80f9-4656-860a-249d690899e1,carelessly.live,available,2.98,39.48,medium,low,10,namecheap,,,14/09/2026 05:19
a1cdc8c8-fec9-4376-aa5c-293807a7f9f4,sleepless.live,available,2.98,39.48,medium,low,9,namecheap,,,22/08/2026 07:24
e2aa235f-eca8-4169-9439-7bfeed811b14,ataxia.live,available,3.99,43.99,medium,low,6,name.com,,,20/09/2026 19:46
6770b230-3a83-4c15-80f4-614bcd92a25b,una.live,premium,512,512,high,low,3,namesilo,,,29/09/2026 14:42
fc679a32-59c1-4ee9-bb37-45ebf69b6585,callaghan.live,available,2.27,26.08,medium,low,9,spaceship,,,29/09/2026 09:50
291ddb19-1d35-441b-a832-62da7e1286e5,malignant.live,available,2.98,39.48,medium,low,9,namecheap,,,24/08/2026 14:08
258bcd93-1693-4490-adb8-442ac615b830,respondents.live,available,3.49,32.99,medium,low,11,namesilo,,,25/09/2026 21:41
c9e1d81e-ed75-4009-ace5-09b1394029b3,jolty.live,available,2.98,39.48,low,low,5,namecheap,,,11/08/2026 09:50
7627ddfe-9c2e-446a-9143-ef7e16c4b4f8,cupid.live,resell,,,high,low,5,"NameSilo, LLC",04/10/2016 13:44,04/10/2027 13:44,28/09/2026 05:08
ecd76755-f280-4cad-bc56-448537f20e67,unedited.live,premium,39,78,medium,low,8,namecheap,,,12/09/2026 08:51
77cd1184-2aab-4c80-b115-7275c8905306,buttercups.live,available,2.98,39.48,medium,low,10,namecheap,,,20/09/2026 19:49
d7c5486f-8074-473e-956a-cff355abfee3,abatis.live,available,3.49,32.99,medium,low,6,namesilo,,,16/09/2026 14:12
c739e1e6-8ca5-43c9-9e16-8b1aef721763,almaata.live,available,3.49,32.99,medium,low,8,namesilo,,,18/09/2026 12:23
af28dd77-dc9e-4ffd-903f-a05384b1aeb5,waken.live,available,2.98,39.48,high,low,5,namecheap,,,08/08/2026 00:08
74dfa4ff-023c-439e-ae11-1a56380dbd93,finishes.live,available,2.27,26.08,medium,low,8,spaceship,,,28/09/2026 18:11
81fd3f43-ba27-4513-99fa-b19332b15534,asafoetida.live,available,3.49,32.99,medium,low,10,namesilo,,,20/09/2026 12:43
2587784b-d6b2-48a4-888a-4f9ade83a577,specimens.live,available,3.49,32.99,low,low,9,namesilo,,,29/09/2026 16:57
66081842-b26e-457e-ac7f-cc98378724e7,acarpous.live,available,2.98,39.48,medium,low,8,namecheap,,,
e82f64c7-9fc5-433b-b8fd-3eafd43483de,criterial.live,available,2.98,39.48,medium,low,9,namecheap,,,13/08/2026 07:27
43da6291-e5a4-45a5-854a-5da6a0ba187c,discordant.live,available,2.98,39.48,medium,low,10,namecheap,,,14/08/2026 10:00
81d5de0f-bc86-48d4-874a-14ae3f1cc376,stannic.live,available,2.98,39.48,low,low,7,namecheap,,,10/09/2026 18:41
bb585023-9443-4169-8f9f-d272f981fc67,southwark.live,available,3,,medium,low,9,unstoppable,,,29/09/2026 09:21
4d4d396b-596d-4f4a-b7aa-be6e0ce01f65,assorted.live,available,2.98,39.48,medium,low,8,namecheap,,,07/08/2026 07:25
07bcd27a-71d2-414c-a238-cfa557d195e1,alphavirus.live,available,2.98,39.48,medium,low,10,namecheap,,,18/09/2026 13:47
1afcbda0-120e-4d33-baed-b5d7087c9cff,adherent.live,available,2.98,39.48,high,low,8,namecheap,,,
965eabee-78af-4c4d-8e95-e7271e74760f,upwind.live,available,2.98,39.48,high,low,6,namecheap,,,22/08/2026 22:35
14d7a823-8991-4f40-a2b1-023a27ad33e7,tribal.live,resell,,,high,low,6,"DNSPod, Inc.",01/07/2024 15:15,01/07/2027 15:15,26/09/2026 09:45
39e9c1c8-bb40-4b99-93ac-613f23fafbae,marius.live,resell,,,high,low,6,,,,28/09/2026 03:53
ea1c1b21-26d5-465b-8b23-7ce30ec42c60,birdsong.live,available,2.98,39.48,high,low,8,namecheap,,,23/09/2026 20:37
4989587c-e575-4c15-bab6-2d59a9202fe2,tahoe.live,premium,700,1400,high,low,5,namecheap,,,
8294d43b-df10-40c5-b6e2-d0958fd38fa3,interrupted.live,available,3,,medium,low,11,unstoppable,,,28/09/2026 08:46
c5035ed5-deb6-4f7a-8a06-e61a420b4bfe,moons.live,premium,118.8,118.8,high,low,5,namesilo,,,30/09/2026 05:51
e8c7fa58-aabb-42ed-b699-b84b9c8ce60f,sternly.live,available,3.49,32.99,medium,low,7,namesilo,,,16/09/2026 07:01
90f499c4-bb10-47da-9224-21cd55dbadfb,winifred.live,premium,31.25,62.3,medium,low,8,spaceship,,,28/09/2026 21:52
491f02c9-8d33-4379-9d67-a69e8c0b7413,unfeasible.live,available,2.98,39.48,medium,low,10,namecheap,,,21/08/2026 22:56
48e67bd3-51c4-4736-876d-e713e88dc85d,astrometry.live,available,2.98,39.48,medium,low,10,namecheap,,,20/09/2026 17:53
fd1b34d4-0e2c-4df0-82bb-7aa154646ab0,counter.live,premium,768,768,high,low,7,namesilo,,,29/09/2026 05:50
45ba53af-245e-49de-a89d-53204d90fa99,essayer.live,available,2.98,39.48,medium,low,7,namecheap,,,21/09/2026 01:22
00f5b718-d393-4767-97c0-9b178fb07088,bureaucrat.live,available,3.49,32.99,medium,low,10,namesilo,,,17/09/2026 08:44
388ba91c-fe23-4a52-8938-9bdd692db3aa,dike.live,available,2.98,39.48,medium,low,4,namecheap,,,11/08/2026 11:33
89fd2d05-16f4-445d-8bdc-cf241dbe0e8b,colourise.live,available,2.98,39.48,medium,low,9,namecheap,,,12/08/2026 17:38
46037bdc-96ef-4a54-a52a-d8d2e6b78160,wipes.live,available,3.49,32.99,medium,low,5,namesilo,,,20/09/2026 09:39
051536fd-2270-4ca4-a02d-efa9728fa254,kidd.live,premium,118.8,118.8,high,low,4,namesilo,,,28/09/2026 01:23
110c3c2c-baea-45d1-a01b-0c1f5241543a,ocd.live,premium,200.5,,high,low,3,unstoppable,,,30/09/2026 11:49
b6bc2ab1-41cd-4b26-901f-8e897c394afd,timorese.live,available,2.98,39.48,medium,low,8,namecheap,,,11/09/2026 16:04
0702a22d-0c6e-4c95-8609-1d6008c4bee0,biped.live,available,2.98,39.48,high,low,5,namecheap,,,10/08/2026 05:14
4fdff042-3869-4fdb-bb31-6de2aef1ff2d,insulted.live,available,2.27,26.08,low,low,8,spaceship,,,28/09/2026 23:30
57d8d6be-1273-4b1f-8041-c1a5a365e6d9,coordination.live,available,2.27,26.08,high,low,12,spaceship,,,29/09/2026 23:16
571e2136-a6b9-4087-b201-a1e6b19c3ce4,threadfish.live,available,3.49,32.99,medium,low,10,namesilo,,,18/09/2026 04:49
49d4cb7b-9291-4632-ae1f-9bd00995514d,milking.live,available,3.49,32.99,high,low,7,namesilo,,,30/09/2026 23:01
a1a3bfa3-fee2-47cf-bf86-3b8c7be27031,altruistic.live,available,3.49,32.99,high,low,10,namesilo,,,22/09/2026 02:48
11852ea4-f3cc-4a1e-94ae-b58fc790035f,surrounded.live,available,2.98,39.48,medium,low,10,namecheap,,,16/08/2026 22:16
9a3fd142-7f72-4da5-b63f-3f461305aa52,crinkly.live,available,2.98,39.48,medium,low,7,namecheap,,,13/08/2026 06:51
90719e1e-d216-477e-9440-d97c305c7eff,llp.live,premium,69.3,138.6,high,low,3,namecheap,,,
6440d024-9ba9-4536-8659-fd30dbd0d76f,callaway.live,available,2.27,26.08,high,low,8,spaceship,,,29/09/2026 23:03
c5decac7-920e-40d6-b9fb-1bd7d493dea0,berra.live,available,2.98,39.48,medium,low,5,namecheap,,,23/09/2026 10:04
bb6bbcfc-cd76-4d87-bc50-afca204fc8df,ipswich.live,premium,51.43,102.67,medium,low,7,spaceship,,,27/09/2026 19:23
6b54941f-c473-4f5b-9409-f14297c84f13,guiding.live,available,2.98,39.48,high,low,7,namecheap,,,14/08/2026 08:49
f0c84b16-9190-4b3b-b909-2b38d3e78d11,accused.live,available,2.27,26.08,medium,low,7,spaceship,,,28/09/2026 17:31
9e84f1e6-f0cb-413c-97a2-e136aa080d2b,reputably.live,available,2.98,39.48,medium,low,9,namecheap,,,15/09/2026 23:17
124c7d01-2033-42cd-92ba-aa8b1a570624,cyclone.live,premium,310.7,621.2,high,low,7,spaceship,,,30/09/2026 09:19
9002fa1a-1c6a-4b98-96f2-70aed5a2bc52,snakebird.live,available,3.49,32.99,medium,low,9,namesilo,,,19/09/2026 08:17
295ddf23-3aed-4236-8473-58a79d555a25,tractor.live,resell,,,high,low,7,,,,28/09/2026 11:01
2fbcff4d-9537-4223-a0e0-2233178d025f,inglewood.live,premium,31.25,62.3,medium,low,9,spaceship,,,30/09/2026 13:40
4e67ed10-ca74-4055-b0da-2d78395a4606,replacements.live,available,3,,medium,low,12,unstoppable,,,29/09/2026 17:20
2e3aa2e4-8ba0-40a0-b062-8e8810cd7b91,roiled.live,available,2.98,39.48,medium,low,6,namecheap,,,
d2e669f8-0501-40e9-99ac-f55a08c4e561,unending.live,available,2.98,39.48,high,low,8,namecheap,,,
ca7c0ec6-2be3-4b46-99bf-8df271d2b244,computerized.live,available,3.49,32.99,medium,low,12,namesilo,,,28/09/2026 02:46
4d6d5497-2da2-459c-990a-1c315caf5acb,faddy.live,available,3.49,32.99,medium,low,5,namesilo,,,25/09/2026 09:54
98996318-79f3-44ac-9747-548c28b2bbc0,complexly.live,available,2.98,39.48,medium,low,9,namecheap,,,14/09/2026 07:45
b130ded3-3297-4492-b8b5-8ca1d5d0ac0f,crepuscle.live,available,2.98,39.48,medium,low,9,namecheap,,,11/09/2026 21:50
0a04f321-3dc9-417a-b7af-00a53bde66ae,habited.live,available,2.98,39.48,medium,low,7,namecheap,,,20/08/2026 21:27
a1b7a5a3-6bf3-4a76-96b5-f85545766504,hancock.live,premium,71.4,71.4,high,low,7,namesilo,,,25/09/2026 06:51
0081a71c-1a8d-497d-8600-1d3dbc211010,sensation.live,resell,,,high,low,9,"Sav.com, LLC - 35",28/05/2026 15:15,28/05/2027 15:15,26/09/2026 08:55
91789670-32b5-45a0-b441-6c3d48975d30,amyloid.live,available,2.98,39.48,medium,low,7,namecheap,,,
3a4197a8-52c8-4c76-b793-815a1b98509a,ale.live,premium,103.7,207.2,high,low,3,spaceship,,,28/09/2026 20:11
50f0bb87-143b-4893-9273-71e3b108b8a6,songbirds.live,available,3.49,32.99,medium,low,9,namesilo,,,21/09/2026 08:44
9ea0be25-8e9d-45fc-89a6-19bff0b17053,agential.live,available,,,medium,low,8,,,,
0ae059ce-7c8a-449b-9908-8e3191e606ef,outclassed.live,available,2.98,39.48,medium,low,10,namecheap,,,04/09/2026 19:12
cdef703b-8a4d-4532-ae00-f599d697ede5,actuation.live,available,2.98,39.48,medium,low,9,namecheap,,,17/09/2026 05:23
b80df4fe-fb83-4d76-b9e6-11fdf517aa29,referred.live,available,3.49,32.99,medium,low,8,namesilo,,,17/09/2026 06:11
f54b6541-bde6-4c66-b4a7-852c6240e41f,studying.live,premium,118.8,118.8,high,low,8,namesilo,,,25/09/2026 09:55
7635d878-3618-4079-a78a-5506e87f6e63,acquired.live,available,2.98,39.48,high,low,8,namecheap,,,
6faa4210-bc3c-4bcd-ba15-120800db511c,forfeiture.live,available,2.98,39.48,medium,low,10,namecheap,,,18/08/2026 11:45
35100f67-ad93-4e10-b25a-1964e4cb1fec,exploration.live,available,3.49,32.99,high,low,11,namesilo,,,28/09/2026 02:39
7dff3811-09a7-41bb-8ddc-0fe9d1bcd125,devoured.live,available,3.49,32.99,low,low,8,namesilo,,,19/09/2026 23:51
1ae242a0-62ef-47b8-8745-6ee1c50d2139,wickham.live,available,2.27,26.08,medium,low,7,spaceship,,,29/09/2026 05:45
62e85b06-61eb-4080-8751-c66baef1df9b,tortrix.live,available,3.49,32.99,medium,low,7,namesilo,,,20/09/2026 05:04
5d7de9d9-3b88-4df5-a1f7-1c23dedeca5e,persistence.live,available,3.99,,high,low,11,name.com,,,
26967c91-ffae-4c22-a54c-cd60e9ef3eb9,shamanism.live,available,3.49,32.99,medium,low,9,namesilo,,,20/09/2026 14:05
5773ee44-c7e8-47c7-a636-aac6f1894673,dwindling.live,available,2.98,39.48,medium,low,9,namecheap,,,14/08/2026 21:48
2885b754-9ae3-46ce-9d4d-ec5c21e2e186,expose.live,premium,71.4,71.4,high,low,6,namesilo,,,29/09/2026 16:08
73d49719-c541-435d-bd06-63e794af2380,retainer.live,available,2.27,26.08,high,low,8,spaceship,,,30/09/2026 02:42
e38cb1be-ace3-4452-8f4b-293b63bf0026,headteacher.live,available,3.99,,high,low,12,name.com,,,
e539b7c9-2a69-4d7b-983a-5ae62102ee73,worrisome.live,available,2.98,39.48,medium,low,9,namecheap,,,14/08/2026 13:21
8fbfd188-cd6e-47f3-9f50-cea55002e678,vedic.live,resell,,,medium,low,5,"Sav.com, LLC - 11",06/06/2026 15:15,06/06/2027 15:15,26/09/2026 09:56
e1c63807-d415-456b-8aa3-7f42d654be34,pellmell.live,available,2.98,39.48,low,low,9,namecheap,,,21/08/2026 01:07
8f704e3e-58b4-42f5-ace7-bb3b99de4886,annealing.live,available,2.98,39.48,high,low,9,namecheap,,,11/09/2026 10:58
6bc29212-a170-4a4b-8fbb-7e1aafc0d3bd,joliet.live,premium,71.4,71.4,medium,low,6,namesilo,,,29/09/2026 01:26
08841aaf-20be-479e-a052-c31377773d52,explicable.live,available,2.98,39.48,medium,low,10,namecheap,,,17/08/2026 18:23
2196f413-6fdc-415f-8cd7-5a10d79fa992,des.live,premium,140,280,high,low,3,namecheap,,,29/09/2026 14:04
074578d5-49f7-43d5-a18f-7147c5d7c017,condemnation.live,available,2.98,39.48,medium,low,12,namecheap,,,30/09/2026 23:02
c28d605d-325d-4fe3-863f-942f85d3dedc,blastema.live,available,3.49,32.99,medium,low,8,namesilo,,,24/09/2026 04:21
1dc5e6bf-30b2-4551-af0c-71c2c98ea1b2,transmission.live,resell,,,high,low,12,,,,27/09/2026 08:37
41626931-2c32-4143-9a7b-f01d60fdcac4,peoples.live,resell,,,high,low,7,,,,29/09/2026 01:49
330f5513-bb99-4f0e-a86d-cd53af755782,antipodean.live,available,2.98,39.48,medium,low,10,namecheap,,,
93a472b2-49f2-4036-8437-84af46f61ced,arras.live,available,3.49,32.99,medium,low,5,namesilo,,,20/09/2026 08:49
2916e6c8-875c-49de-b4da-4d9d94939b1c,beechwood.live,available,3.99,43.99,medium,low,9,name.com,,,23/09/2026 00:14
e2d40411-c62c-482a-b5fa-a60719938ad1,elated.live,available,2.98,39.48,high,low,6,namecheap,,,16/08/2026 00:44
023e2338-1c6a-40c1-a950-ab9ccb8b2862,tioga.live,available,2.27,26.08,high,low,5,spaceship,,,30/09/2026 13:45
bb6cc32b-83a0-4da0-bc6f-277c7f78c456,smashingly.live,available,2.98,39.48,medium,low,10,namecheap,,,16/09/2026 02:49
b4f498a7-5995-4041-8154-d9add82eb076,cole.live,premium,242,242,high,low,4,namesilo,,,25/09/2026 01:59
054872d4-d198-4665-86a4-7b6f7e268e4f,bristow.live,premium,71.4,71.4,medium,low,7,namesilo,,,30/09/2026 05:31
13829f6e-9c5f-4c24-be82-49c40879a41d,lxxxi.live,available,2.98,39.48,medium,low,5,namecheap,,,
b1d97c29-236b-4e62-b784-536eaad76291,analogous.live,available,2.98,39.48,medium,low,9,namecheap,,,
fb79b614-9981-4777-8c2b-1c128c894ff3,prurient.live,available,2.98,39.48,medium,low,8,namecheap,,,24/08/2026 11:58
4f69273c-7d24-4818-8dc3-aa85a4332052,ammonium.live,available,3.49,32.99,high,low,8,namesilo,,,18/09/2026 22:10
1f9156d5-c289-4366-8b69-a283a98f1809,icbm.live,available,3.49,32.99,medium,low,4,namesilo,,,30/09/2026 10:12
c012186c-add8-4a21-b575-a42a9e093fd9,mahler.live,available,25.2,25.2,medium,low,6,cloudflare,,,29/09/2026 01:10
665cad53-ec80-4b2c-bf8d-768c9950c0af,unsolved.live,available,2.98,39.48,medium,low,8,namecheap,,,12/09/2026 18:23
970dd5ec-4120-4ab4-b9c2-1c885a5aca2a,perplexed.live,available,2.98,39.48,medium,low,9,namecheap,,,08/09/2026 17:56
b622b85a-4251-4ed8-812a-0d693610f633,rewrite.live,resell,,,high,low,7,,,,29/09/2026 13:47
991cbff5-a64e-4810-91d6-614dc28e6b4d,bedrooms.live,available,3,,low,low,8,unstoppable,,,29/09/2026 05:54
5ee5e7cc-cacc-4325-9214-ddf8d35bda38,osborn.live,premium,71.4,71.4,high,low,6,namesilo,,,27/09/2026 07:58
eea8eb5d-32d9-4f9c-ba5e-8d42e7e59cbf,terraced.live,available,3,,medium,low,8,unstoppable,,,29/09/2026 10:42
ef70d8c5-a4ae-4da9-a127-847028a8d154,dreamfully.live,available,2.98,39.48,medium,low,10,namecheap,,,14/09/2026 14:19
8c0b4a76-0cca-4db9-875a-bbf20eb82d5d,observations.live,available,3.49,32.99,medium,low,12,namesilo,,,17/09/2026 08:04
fae912dc-25cc-4757-bb51-63fdc1093bc9,discontinued.live,available,3.49,32.99,medium,low,12,namesilo,,,30/09/2026 23:13
2c972fe6-1cbc-4593-baa4-55b0877c10ed,flowery.live,available,2.98,39.48,high,low,7,namecheap,,,18/08/2026 09:09
282c1ebc-19c5-4b9a-8e1b-9a295e4a9463,pike.live,resell,,,high,low,4,,,,28/09/2026 14:07
17200a73-64ce-4bde-bf23-470d6c5cab88,detestable.live,available,2.98,39.48,medium,low,10,namecheap,,,
8525c7c6-f0fb-4162-bcd9-758645621432,refused.live,available,2.98,39.48,medium,low,7,namecheap,,,18/09/2026 13:40
d4d7ef41-360e-421a-a889-7cc5c23d3d3f,meatless.live,available,2.98,39.48,medium,low,8,namecheap,,,24/08/2026 18:33
d26e4508-cc44-4de7-88e6-b3de9c4ac7fc,customer.live,resell,,,high,low,8,"Sav.com, LLC - 9",13/07/2026 15:15,13/07/2027 15:15,30/09/2026 15:48
5cbae53a-9ed3-48f4-81be-7492c743ed53,companion.live,resell,,,high,low,9,"Sav.com, LLC - 5",28/12/2025 15:15,28/12/2026 15:15,26/09/2026 05:09
060dd6e5-bd01-47bf-a2cd-08262f7a23be,vest.live,resell,,,high,low,4,,,,28/09/2026 10:51
2084b1fe-5d98-4024-9c7b-4d1172057d49,litter.live,available,2.98,39.48,high,low,6,namecheap,,,22/09/2026 23:14
c559c12d-a0e9-4dbf-ab59-a5953b07796d,victoria.live,premium,103.7,207.2,high,low,8,spaceship,,,29/09/2026 06:53
db5d9a1a-2f4c-4c65-a2f6-06386b547900,joint.live,premium,242,242,high,low,5,namesilo,,,22/09/2026 08:50
541a4087-8ec4-4269-9d7d-457e85f835e4,tel.live,premium,140,280,high,low,3,namecheap,,,
971d05ce-92bf-48db-841d-6dcc4ce6ffca,channels.live,premium,140,280,high,low,8,namecheap,,,29/09/2026 08:04
0972fd12-abc1-4313-a43d-4f05d1be858f,wait.live,resell,,,high,low,4,Dynadot Inc,14/02/2026 17:01,14/02/2027 17:01,26/09/2026 10:02
628748b6-0184-470b-a49d-ab6c9b0e5f14,columbian.live,available,2.98,39.48,medium,low,9,namecheap,,,12/08/2026 18:12
8d3e7c7f-8e7d-4eba-b376-5e96c23ac20b,beneficent.live,available,2.98,39.48,medium,low,10,namecheap,,,09/08/2026 14:22
5a1c193c-dbd4-42b6-97af-577a423c21d4,salim.live,available,2.98,39.48,medium,low,5,namecheap,,,19/09/2026 04:37
a3109e92-bea0-4a5b-a82b-a142f07f0f2b,nanus.live,available,2.98,39.48,medium,low,5,namecheap,,,24/08/2026 22:32
c6f1d071-ee47-4a69-b79e-4b7e383748a1,gala.live,resell,,,high,low,4,"Chengdu West Dimension Digital Technology Co., Ltd.",17/02/2023 15:15,17/02/2027 15:15,29/09/2026 20:31
4f52b3c8-c701-4db6-97ff-83466d78fd9d,murders.live,available,3.99,43.99,low,low,7,name.com,,,25/09/2026 21:34
ee3dd6ac-60f2-48b1-bdb1-0562e25a2d3d,senegalese.live,available,2.98,39.48,medium,low,10,namecheap,,,10/09/2026 03:43
1137e0ac-ecb8-443a-8d23-3e3c6c4843a4,position.live,resell,,,high,low,8,Realtime Register B.V.,26/09/2025 15:15,26/09/2027 15:15,28/09/2026 04:42
efdb84f3-7845-4ec4-bdec-bd52d53fd2dc,visible.live,resell,,,high,low,7,Dynadot Inc,29/05/2017 19:15,29/05/2027 19:15,27/09/2026 19:29
e3dcefab-d9d8-4a2e-9e55-69c7f686ebe5,cannes.live,premium,118.8,118.8,high,low,6,namesilo,,,24/09/2026 12:04
91104be3-1885-439f-9e4f-678d8114c2fe,narcotics.live,available,3,,medium,low,9,unstoppable,,,28/09/2026 22:46
3c393a5a-9dfb-41a9-b799-cdb781ba7279,underside.live,available,2.98,39.48,high,low,9,namecheap,,,10/08/2026 21:15
5c1c9d8f-f687-48da-829d-fe2692fc993d,retreated.live,available,25.2,25.2,medium,low,9,cloudflare,,,30/09/2026 02:43
db7962e1-7c90-45cb-8ca3-39259b1d191f,elinor.live,available,3.49,32.99,medium,low,6,namesilo,,,29/09/2026 22:05
a854f8b8-846c-4cd1-bb73-3c58f3c443ee,engine.live,resell,,,high,low,6,Squarespace Domains II LLC,20/04/2020 19:46,20/04/2027 19:46,30/09/2026 16:04
d742844d-0200-46db-9953-920ac300e141,bartlett.live,premium,71.4,71.4,high,low,8,namesilo,,,22/09/2026 09:19
4a1d286b-dd56-464d-b320-7c49976727d2,segregation.live,available,3.49,32.99,medium,low,11,namesilo,,,16/09/2026 23:21
1a36bd41-717f-4edd-95fc-b4f380122a09,worker.live,resell,,,high,low,6,"Sav.com, LLC - 23",11/08/2026 15:15,11/08/2027 15:15,27/09/2026 07:18
80072a0b-1647-4184-83ae-cfe9b0db7f5e,foreboding.live,available,2.98,39.48,medium,low,10,namecheap,,,18/08/2026 11:32
52ca085a-b98e-4fd5-a44f-691793dec0ab,punky.live,available,3.49,32.99,medium,low,5,namesilo,,,23/09/2026 22:32
8a59035a-bd65-4a19-89be-5ac737efbfa9,eagerness.live,available,2.98,39.48,high,low,9,namecheap,,,21/09/2026 09:28
c9e66acc-40f8-4f34-85a3-90cf1df364bf,bethune.live,available,2.98,39.48,medium,low,7,namecheap,,,23/09/2026 11:17
b3d36d89-94dd-4962-b552-0e8532138027,cages.live,available,2.27,26.08,medium,low,5,spaceship,,,30/09/2026 07:45
bae390f3-77e7-496a-9d64-4d34420ee7ff,trigon.live,available,2.98,39.48,medium,low,6,namecheap,,,11/09/2026 19:46
421b5d27-e227-4f05-bccf-6c89ab6fba09,remediation.live,available,25.2,25.2,high,low,11,cloudflare,,,30/09/2026 23:39
a17696d5-2975-461c-b5de-1dedefea0ded,metamorphism.live,available,25.2,25.2,medium,low,12,cloudflare,,,30/09/2026 23:25
a78f9d4c-a1fa-46fa-af2f-849c1e1cb154,museums.live,available,2.27,26.08,medium,low,7,spaceship,,,29/09/2026 11:30
947e8b6a-0bb7-48d6-a59b-25564d0c714e,amir.live,premium,39,78,high,low,4,namecheap,,,18/09/2026 17:58
54b0e2e3-e1af-471a-bc65-bde1775fd0d3,misguided.live,available,2.98,39.48,medium,low,9,namecheap,,,21/08/2026 18:57
68b0e0d1-c9c1-46f0-a0d4-63adc02544b2,writhing.live,available,2.98,39.48,medium,low,8,namecheap,,,13/09/2026 13:45
29b656b8-9fb0-42dc-bf72-40bf1708afa4,convenience.live,available,2.57,26.26,high,low,11,porkbun,,,28/09/2026 07:18
3322690c-3726-4f20-ac09-170254f4eabd,jovial.live,available,2.98,39.48,high,low,6,namecheap,,,22/08/2026 13:42
7f180e58-d956-4a12-beff-3e15e95750ed,munchausen.live,available,3.49,32.99,medium,low,10,namesilo,,,22/09/2026 07:14
6bb53639-0929-4db2-9caf-e2a0b2e4ed74,aspirant.live,available,2.98,39.48,medium,low,8,namecheap,,,24/09/2026 08:22
ac913b02-a715-4e11-88b5-4e16d55bb9d9,thereabout.live,available,3.49,32.99,medium,low,10,namesilo,,,16/09/2026 08:39
9ed359f7-1bd6-47e9-8a48-3ccb4de54c7b,meanly.live,available,2.98,39.48,medium,low,6,namecheap,,,13/09/2026 23:32
d973b8c1-1cc7-4c39-adae-9bae3a84b250,socorro.live,premium,60.5,,medium,low,7,unstoppable,,,30/09/2026 21:57
a4543f52-e0db-435a-996a-6ec576f96e9e,archetype.live,resell,,,high,low,9,"Sav.com, LLC - 6",31/08/2026 15:15,31/08/2027 15:15,26/09/2026 03:58
8de11cc7-6794-42b0-b13a-b2c439e6d491,brazenly.live,available,2.98,39.48,medium,low,8,namecheap,,,14/09/2026 01:24
f09f81dc-334a-455a-8db0-4b9c27f8a9fb,enatic.live,available,2.98,39.48,low,low,6,namecheap,,,16/08/2026 21:20
96332857-789a-48f8-896a-748dc5f1cd51,unclothed.live,available,2.98,39.48,medium,low,9,namecheap,,,12/09/2026 05:30
92fa2116-b0d9-46a4-aea8-f23d05e742ed,angevine.live,available,3.49,32.99,medium,low,8,namesilo,,,19/09/2026 06:07
b7e6aa5d-96cb-4882-8a2a-ec8148f3e49a,fright.live,available,3.49,32.99,medium,low,6,namesilo,,,17/09/2026 14:50
bd30b573-0f67-42d7-85e5-df49f13c82ea,bataan.live,available,3.49,32.99,medium,low,6,namesilo,,,22/09/2026 13:10
bebc85ea-70b3-4076-9cf7-2c18c5caac76,nutty.live,available,2.98,39.48,medium,low,5,namecheap,,,06/08/2026 21:27
420b1116-9a00-43b3-abee-29d36005ed62,pekan.live,available,3.49,32.99,medium,low,5,namesilo,,,24/09/2026 00:25
9570e3a0-d1bb-475d-a682-2dc9082278a2,cuban.live,premium,39,78,high,low,5,namecheap,,,13/08/2026 09:47